<?xml version="1.0" encoding="UTF-8"?>
<root>
<header>
<header>호선</header>
<header>역번호</header>
<header>역명</header>
<header>계</header>
<header>일평균</header>
<header>_1월</header>
<header>_2월</header>
<header>_3월</header>
<header>_4월</header>
<header>_5월</header>
<header>_6월</header>
<header>_7월</header>
</header>
<Row>
<호선>1</호선>
<역번호>150</역번호>
<역명>서울역(1)</역명>
<계>19799600</계>
<일평균>93562</일평균>
<_1월>2823972</_1월>
<_2월>2542481</_2월>
<_3월>2885932</_3월>
<_4월>2918104</_4월>
<_5월>2993718</_5월>
<_6월>2770656</_6월>
<_7월>2864737</_7월>
</Row>
<Row>
<호선>1</호선>
<역번호>151</역번호>
<역명>시청(1)</역명>
<계>9478426</계>
<일평균>44701</일평균>
<_1월>1367861</_1월>
<_2월>1114504</_2월>
<_3월>1380702</_3월>
<_4월>1432476</_4월>
<_5월>1460584</_5월>
<_6월>1334755</_6월>
<_7월>1387544</_7월>
</Row>
<Row>
<호선>1</호선>
<역번호>152</역번호>
<역명>종각</역명>
<계>16783116</계>
<일평균>78856</일평균>
<_1월>2529090</_1월>
<_2월>2098588</_2월>
<_3월>2445715</_3월>
<_4월>2433679</_4월>
<_5월>2496189</_5월>
<_6월>2269648</_6월>
<_7월>2510207</_7월>
</Row>
<Row>
<호선>1</호선>
<역번호>153</역번호>
<역명>종로3가(1)</역명>
<계>11553939</계>
<일평균>54481</일평균>
<_1월>1729440</_1월>
<_2월>1465221</_2월>
<_3월>1692299</_3월>
<_4월>1638929</_4월>
<_5월>1734230</_5월>
<_6월>1600924</_6월>
<_7월>1692896</_7월>
</Row>
<Row>
<호선>1</호선>
<역번호>154</역번호>
<역명>종로5가</역명>
<계>10379864</계>
<일평균>49299</일평균>
<_1월>1532069</_1월>
<_2월>1303823</_2월>
<_3월>1558679</_3월>
<_4월>1532793</_4월>
<_5월>1571939</_5월>
<_6월>1423812</_6월>
<_7월>1456749</_7월>
</Row>
<Row>
<호선>1</호선>
<역번호>155</역번호>
<역명>동대문(1)</역명>
<계>5418592</계>
<일평균>25741</일평균>
<_1월>743915</_1월>
<_2월>682919</_2월>
<_3월>820750</_3월>
<_4월>799545</_4월>
<_5월>837528</_5월>
<_6월>774367</_6월>
<_7월>759568</_7월>
</Row>
<Row>
<호선>1</호선>
<역번호>156</역번호>
<역명>신설동(1)</역명>
<계>5552611</계>
<일평균>26201</일평균>
<_1월>791093</_1월>
<_2월>674345</_2월>
<_3월>833421</_3월>
<_4월>825577</_4월>
<_5월>841804</_5월>
<_6월>776073</_6월>
<_7월>810298</_7월>
</Row>
<Row>
<호선>1</호선>
<역번호>157</역번호>
<역명>제기동</역명>
<계>7678291</계>
<일평균>36429</일평균>
<_1월>1191456</_1월>
<_2월>915810</_2월>
<_3월>1121384</_3월>
<_4월>1135625</_4월>
<_5월>1148519</_5월>
<_6월>1080821</_6월>
<_7월>1084676</_7월>
</Row>
<Row>
<호선>1</호선>
<역번호>158</역번호>
<역명>청량리</역명>
<계>9466711</계>
<일평균>45160</일평균>
<_1월>1412901</_1월>
<_2월>1207810</_2월>
<_3월>1441740</_3월>
<_4월>1383931</_4월>
<_5월>1416339</_5월>
<_6월>1311208</_6월>
<_7월>1292782</_7월>
</Row>
<Row>
<호선>1</호선>
<역번호>159</역번호>
<역명>동묘앞(1)</역명>
<계>4059046</계>
<일평균>19514</일평균>
<_1월>543429</_1월>
<_2월>534707</_2월>
<_3월>635722</_3월>
<_4월>596045</_4월>
<_5월>642396</_5월>
<_6월>582161</_6월>
<_7월>524586</_7월>
</Row>
<Row>
<호선>2</호선>
<역번호>201</역번호>
<역명>시청(2)</역명>
<계>7951336</계>
<일평균>37210</일평균>
<_1월>1144461</_1월>
<_2월>931226</_2월>
<_3월>1142301</_3월>
<_4월>1211281</_4월>
<_5월>1199824</_5월>
<_6월>1105999</_6월>
<_7월>1216244</_7월>
</Row>
<Row>
<호선>2</호선>
<역번호>202</역번호>
<역명>을지로입구</역명>
<계>15747392</계>
<일평균>73925</일평균>
<_1월>2295751</_1월>
<_2월>1911486</_2월>
<_3월>2302489</_3월>
<_4월>2323887</_4월>
<_5월>2346445</_5월>
<_6월>2200448</_6월>
<_7월>2366886</_7월>
</Row>
<Row>
<호선>2</호선>
<역번호>203</역번호>
<역명>을지로3가(2)</역명>
<계>7152870</계>
<일평균>33466</일평균>
<_1월>1044646</_1월>
<_2월>850724</_2월>
<_3월>1030217</_3월>
<_4월>1052964</_4월>
<_5월>1077860</_5월>
<_6월>1001067</_6월>
<_7월>1095392</_7월>
</Row>
<Row>
<호선>2</호선>
<역번호>204</역번호>
<역명>을지로4가(2)</역명>
<계>3584934</계>
<일평균>16800</일평균>
<_1월>529106</_1월>
<_2월>429286</_2월>
<_3월>520078</_3월>
<_4월>517250</_4월>
<_5월>538099</_5월>
<_6월>507019</_6월>
<_7월>544096</_7월>
</Row>
<Row>
<호선>2</호선>
<역번호>205</역번호>
<역명>동대문역사문화공원(2)</역명>
<계>5455416</계>
<일평균>25774</일평균>
<_1월>728454</_1월>
<_2월>658851</_2월>
<_3월>830546</_3월>
<_4월>794505</_4월>
<_5월>870377</_5월>
<_6월>782308</_6월>
<_7월>790375</_7월>
</Row>
<Row>
<호선>2</호선>
<역번호>206</역번호>
<역명>신당(2)</역명>
<계>4680159</계>
<일평균>22122</일평균>
<_1월>668950</_1월>
<_2월>573170</_2월>
<_3월>704120</_3월>
<_4월>694132</_4월>
<_5월>708081</_5월>
<_6월>655548</_6월>
<_7월>676158</_7월>
</Row>
<Row>
<호선>2</호선>
<역번호>207</역번호>
<역명>상왕십리</역명>
<계>4560022</계>
<일평균>21454</일평균>
<_1월>655733</_1월>
<_2월>550008</_2월>
<_3월>671708</_3월>
<_4월>675625</_4월>
<_5월>690788</_5월>
<_6월>639263</_6월>
<_7월>676897</_7월>
</Row>
<Row>
<호선>2</호선>
<역번호>208</역번호>
<역명>왕십리(2)</역명>
<계>5722497</계>
<일평균>27088</일평균>
<_1월>797313</_1월>
<_2월>688902</_2월>
<_3월>875464</_3월>
<_4월>844576</_4월>
<_5월>894346</_5월>
<_6월>802371</_6월>
<_7월>819525</_7월>
</Row>
<Row>
<호선>2</호선>
<역번호>209</역번호>
<역명>한양대</역명>
<계>3781298</계>
<일평균>18498</일평균>
<_1월>396747</_1월>
<_2월>313633</_2월>
<_3월>680389</_3월>
<_4월>700068</_4월>
<_5월>696896</_5월>
<_6월>560348</_6월>
<_7월>433217</_7월>
</Row>
<Row>
<호선>2</호선>
<역번호>210</역번호>
<역명>뚝섬</역명>
<계>6192313</계>
<일평균>28975</일평균>
<_1월>851251</_1월>
<_2월>710300</_2월>
<_3월>879082</_3월>
<_4월>928827</_4월>
<_5월>987036</_5월>
<_6월>887871</_6월>
<_7월>947946</_7월>
</Row>
<Row>
<호선>2</호선>
<역번호>211</역번호>
<역명>성수</역명>
<계>9762547</계>
<일평균>45739</일평균>
<_1월>1414112</_1월>
<_2월>1165166</_2월>
<_3월>1412634</_3월>
<_4월>1468840</_4월>
<_5월>1469726</_5월>
<_6월>1348403</_6월>
<_7월>1483666</_7월>
</Row>
<Row>
<호선>2</호선>
<역번호>212</역번호>
<역명>건대입구(2)</역명>
<계>12999984</계>
<일평균>61609</일평균>
<_1월>1827382</_1월>
<_2월>1622225</_2월>
<_3월>1966176</_3월>
<_4월>1887245</_4월>
<_5월>2033473</_5월>
<_6월>1814655</_6월>
<_7월>1848828</_7월>
</Row>
<Row>
<호선>2</호선>
<역번호>213</역번호>
<역명>구의</역명>
<계>7212108</계>
<일평균>34016</일평균>
<_1월>1050968</_1월>
<_2월>887116</_2월>
<_3월>1063560</_3월>
<_4월>1068863</_4월>
<_5월>1088194</_5월>
<_6월>998093</_6월>
<_7월>1055314</_7월>
</Row>
<Row>
<호선>2</호선>
<역번호>214</역번호>
<역명>강변</역명>
<계>13221960</계>
<일평균>62639</일평균>
<_1월>1872966</_1월>
<_2월>1744053</_2월>
<_3월>1947833</_3월>
<_4월>1898358</_4월>
<_5월>2024092</_5월>
<_6월>1850361</_6월>
<_7월>1884297</_7월>
</Row>
<Row>
<호선>2</호선>
<역번호>215</역번호>
<역명>잠실나루</역명>
<계>4984662</계>
<일평균>23507</일평균>
<_1월>733592</_1월>
<_2월>607559</_2월>
<_3월>700667</_3월>
<_4월>760854</_4월>
<_5월>766691</_5월>
<_6월>685339</_6월>
<_7월>729960</_7월>
</Row>
<Row>
<호선>2</호선>
<역번호>216</역번호>
<역명>잠실(2)</역명>
<계>24999222</계>
<일평균>118023</일평균>
<_1월>3559239</_1월>
<_2월>3215966</_2월>
<_3월>3525021</_3월>
<_4월>3880333</_4월>
<_5월>3793612</_5월>
<_6월>3388005</_6월>
<_7월>3637046</_7월>
</Row>
<Row>
<호선>2</호선>
<역번호>217</역번호>
<역명>잠실새내</역명>
<계>7411104</계>
<일평균>35000</일평균>
<_1월>1071467</_1월>
<_2월>906668</_2월>
<_3월>1091566</_3월>
<_4월>1096287</_4월>
<_5월>1141256</_5월>
<_6월>1027736</_6월>
<_7월>1076124</_7월>
</Row>
<Row>
<호선>2</호선>
<역번호>218</역번호>
<역명>종합운동장(2)</역명>
<계>4295197</계>
<일평균>20085</일평균>
<_1월>444408</_1월>
<_2월>368896</_2월>
<_3월>649707</_3월>
<_4월>660859</_4월>
<_5월>830504</_5월>
<_6월>681138</_6월>
<_7월>659685</_7월>
</Row>
<Row>
<호선>2</호선>
<역번호>219</역번호>
<역명>삼성</역명>
<계>18235230</계>
<일평균>84724</일평균>
<_1월>2654408</_1월>
<_2월>2169127</_2월>
<_3월>2595130</_3월>
<_4월>2656266</_4월>
<_5월>2779677</_5월>
<_6월>2480478</_6월>
<_7월>2900144</_7월>
</Row>
<Row>
<호선>2</호선>
<역번호>220</역번호>
<역명>선릉</역명>
<계>15815754</계>
<일평균>73897</일평균>
<_1월>2393573</_1월>
<_2월>1888801</_2월>
<_3월>2257543</_3월>
<_4월>2341619</_4월>
<_5월>2333876</_5월>
<_6월>2159827</_6월>
<_7월>2440515</_7월>
</Row>
<Row>
<호선>2</호선>
<역번호>221</역번호>
<역명>역삼</역명>
<계>15332683</계>
<일평균>71571</일평균>
<_1월>2363722</_1월>
<_2월>1862707</_2월>
<_3월>2210273</_3월>
<_4월>2262573</_4월>
<_5월>2211237</_5월>
<_6월>2043859</_6월>
<_7월>2378312</_7월>
</Row>
<Row>
<호선>2</호선>
<역번호>222</역번호>
<역명>강남</역명>
<계>30502880</계>
<일평균>142123</일평균>
<_1월>4749571</_1월>
<_2월>3901121</_2월>
<_3월>4367422</_3월>
<_4월>4234069</_4월>
<_5월>4365377</_5월>
<_6월>4106734</_6월>
<_7월>4778586</_7월>
</Row>
<Row>
<호선>2</호선>
<역번호>223</역번호>
<역명>교대(2)</역명>
<계>10797166</계>
<일평균>50654</일평균>
<_1월>1573477</_1월>
<_2월>1278127</_2월>
<_3월>1591561</_3월>
<_4월>1614441</_4월>
<_5월>1621807</_5월>
<_6월>1488934</_6월>
<_7월>1628819</_7월>
</Row>
<Row>
<호선>2</호선>
<역번호>224</역번호>
<역명>서초</역명>
<계>6893890</계>
<일평균>32427</일평균>
<_1월>992606</_1월>
<_2월>814619</_2월>
<_3월>1023179</_3월>
<_4월>1030275</_4월>
<_5월>1029053</_5월>
<_6월>979568</_6월>
<_7월>1024590</_7월>
</Row>
<Row>
<호선>2</호선>
<역번호>225</역번호>
<역명>방배</역명>
<계>5856912</계>
<일평균>28152</일평균>
<_1월>780886</_1월>
<_2월>651439</_2월>
<_3월>943752</_3월>
<_4월>956889</_4월>
<_5월>943889</_5월>
<_6월>818637</_6월>
<_7월>761420</_7월>
</Row>
<Row>
<호선>2</호선>
<역번호>226</역번호>
<역명>사당(2)</역명>
<계>12923417</계>
<일평균>61067</일평균>
<_1월>1857188</_1월>
<_2월>1563986</_2월>
<_3월>1929514</_3월>
<_4월>1909861</_4월>
<_5월>1950648</_5월>
<_6월>1841984</_6월>
<_7월>1870236</_7월>
</Row>
<Row>
<호선>2</호선>
<역번호>227</역번호>
<역명>낙성대</역명>
<계>9000649</계>
<일평균>42522</일평균>
<_1월>1283569</_1월>
<_2월>1083644</_2월>
<_3월>1349631</_3월>
<_4월>1341161</_4월>
<_5월>1379270</_5월>
<_6월>1259179</_6월>
<_7월>1304195</_7월>
</Row>
<Row>
<호선>2</호선>
<역번호>228</역번호>
<역명>서울대입구</역명>
<계>15884476</계>
<일평균>74930</일평균>
<_1월>2279373</_1월>
<_2월>1922209</_2월>
<_3월>2391277</_3월>
<_4월>2346801</_4월>
<_5월>2421300</_5월>
<_6월>2201357</_6월>
<_7월>2322159</_7월>
</Row>
<Row>
<호선>2</호선>
<역번호>229</역번호>
<역명>봉천</역명>
<계>7303276</계>
<일평균>34332</일평균>
<_1월>1047225</_1월>
<_2월>881796</_2월>
<_3월>1071930</_3월>
<_4월>1079046</_4월>
<_5월>1095097</_5월>
<_6월>1038825</_6월>
<_7월>1089357</_7월>
</Row>
<Row>
<호선>2</호선>
<역번호>230</역번호>
<역명>신림</역명>
<계>21240558</계>
<일평균>100284</일평균>
<_1월>3074522</_1월>
<_2월>2641730</_2월>
<_3월>3143371</_3월>
<_4월>3118485</_4월>
<_5월>3198750</_5월>
<_6월>2974537</_6월>
<_7월>3089163</_7월>
</Row>
<Row>
<호선>2</호선>
<역번호>231</역번호>
<역명>신대방</역명>
<계>8798398</계>
<일평균>41484</일평균>
<_1월>1243861</_1월>
<_2월>1073786</_2월>
<_3월>1288859</_3월>
<_4월>1311839</_4월>
<_5월>1343342</_5월>
<_6월>1246983</_6월>
<_7월>1289728</_7월>
</Row>
<Row>
<호선>2</호선>
<역번호>232</역번호>
<역명>구로디지털단지</역명>
<계>19661741</계>
<일평균>92398</일평균>
<_1월>2884533</_1월>
<_2월>2409838</_2월>
<_3월>2864595</_3월>
<_4월>2910344</_4월>
<_5월>2938552</_5월>
<_6월>2716034</_6월>
<_7월>2937845</_7월>
</Row>
<Row>
<호선>2</호선>
<역번호>233</역번호>
<역명>대림(2)</역명>
<계>8725984</계>
<일평균>41200</일평균>
<_1월>1227769</_1월>
<_2월>1065331</_2월>
<_3월>1295125</_3월>
<_4월>1298074</_4월>
<_5월>1326791</_5월>
<_6월>1244056</_6월>
<_7월>1268838</_7월>
</Row>
<Row>
<호선>2</호선>
<역번호>234</역번호>
<역명>신도림</역명>
<계>19145214</계>
<일평균>90553</일평균>
<_1월>2770537</_1월>
<_2월>2349372</_2월>
<_3월>2864573</_3월>
<_4월>2822576</_4월>
<_5월>2885286</_5월>
<_6월>2697690</_6월>
<_7월>2755180</_7월>
</Row>
<Row>
<호선>2</호선>
<역번호>235</역번호>
<역명>문래</역명>
<계>6452971</계>
<일평균>30271</일평균>
<_1월>944626</_1월>
<_2월>784992</_2월>
<_3월>939224</_3월>
<_4월>960046</_4월>
<_5월>959661</_5월>
<_6월>890523</_6월>
<_7월>973899</_7월>
</Row>
<Row>
<호선>2</호선>
<역번호>236</역번호>
<역명>영등포구청(2)</역명>
<계>6686965</계>
<일평균>31442</일평균>
<_1월>972554</_1월>
<_2월>806255</_2월>
<_3월>982336</_3월>
<_4월>1002995</_4월>
<_5월>1006150</_5월>
<_6월>920821</_6월>
<_7월>995854</_7월>
</Row>
<Row>
<호선>2</호선>
<역번호>237</역번호>
<역명>당산</역명>
<계>6841335</계>
<일평균>32230</일평균>
<_1월>949898</_1월>
<_2월>801838</_2월>
<_3월>1004154</_3월>
<_4월>1048724</_4월>
<_5월>1060636</_5월>
<_6월>968296</_6월>
<_7월>1007789</_7월>
</Row>
<Row>
<호선>2</호선>
<역번호>238</역번호>
<역명>합정(2)</역명>
<계>10741975</계>
<일평균>50604</일평균>
<_1월>1557632</_1월>
<_2월>1330745</_2월>
<_3월>1576491</_3월>
<_4월>1558426</_4월>
<_5월>1621998</_5월>
<_6월>1513912</_6월>
<_7월>1582771</_7월>
</Row>
<Row>
<호선>2</호선>
<역번호>239</역번호>
<역명>홍대입구</역명>
<계>27422519</계>
<일평균>129756</일평균>
<_1월>3950118</_1월>
<_2월>3606753</_2월>
<_3월>4119589</_3월>
<_4월>3826788</_4월>
<_5월>4170476</_5월>
<_6월>3812039</_6월>
<_7월>3936756</_7월>
</Row>
<Row>
<호선>2</호선>
<역번호>240</역번호>
<역명>신촌</역명>
<계>15395516</계>
<일평균>72742</일평균>
<_1월>2197055</_1월>
<_2월>1896516</_2월>
<_3월>2382556</_3월>
<_4월>2219330</_4월>
<_5월>2363296</_5월>
<_6월>2107555</_6월>
<_7월>2229208</_7월>
</Row>
<Row>
<호선>2</호선>
<역번호>241</역번호>
<역명>이대</역명>
<계>6532234</계>
<일평균>31290</일평균>
<_1월>820578</_1월>
<_2월>716578</_2월>
<_3월>1100853</_3월>
<_4월>1046473</_4월>
<_5월>1077618</_5월>
<_6월>901444</_6월>
<_7월>868690</_7월>
</Row>
<Row>
<호선>2</호선>
<역번호>242</역번호>
<역명>아현</역명>
<계>3282383</계>
<일평균>15520</일평균>
<_1월>446418</_1월>
<_2월>380997</_2월>
<_3월>497988</_3월>
<_4월>502133</_4월>
<_5월>516698</_5월>
<_6월>464936</_6월>
<_7월>473213</_7월>
</Row>
<Row>
<호선>2</호선>
<역번호>243</역번호>
<역명>충정로(2)</역명>
<계>3312199</계>
<일평균>15616</일평균>
<_1월>480606</_1월>
<_2월>399289</_2월>
<_3월>489905</_3월>
<_4월>498573</_4월>
<_5월>497383</_5월>
<_6월>460780</_6월>
<_7월>485663</_7월>
</Row>
<Row>
<호선>2</호선>
<역번호>244</역번호>
<역명>용답</역명>
<계>814787</계>
<일평균>3879</일평균>
<_1월>107583</_1월>
<_2월>90817</_2월>
<_3월>130189</_3월>
<_4월>126646</_4월>
<_5월>130493</_5월>
<_6월>116302</_6월>
<_7월>112757</_7월>
</Row>
<Row>
<호선>2</호선>
<역번호>245</역번호>
<역명>신답</역명>
<계>436682</계>
<일평균>2058</일평균>
<_1월>62362</_1월>
<_2월>52449</_2월>
<_3월>64629</_3월>
<_4월>64874</_4월>
<_5월>66521</_5월>
<_6월>61682</_6월>
<_7월>64165</_7월>
</Row>
<Row>
<호선>2</호선>
<역번호>246</역번호>
<역명>신설동(2)</역명>
<계>1455843</계>
<일평균>6937</일평균>
<_1월>217538</_1월>
<_2월>187951</_2월>
<_3월>227576</_3월>
<_4월>210655</_4월>
<_5월>212073</_5월>
<_6월>199958</_6월>
<_7월>200092</_7월>
</Row>
<Row>
<호선>2</호선>
<역번호>247</역번호>
<역명>도림천</역명>
<계>419032</계>
<일평균>1958</일평균>
<_1월>58595</_1월>
<_2월>49223</_2월>
<_3월>62761</_3월>
<_4월>65503</_4월>
<_5월>61798</_5월>
<_6월>56553</_6월>
<_7월>64599</_7월>
</Row>
<Row>
<호선>2</호선>
<역번호>248</역번호>
<역명>양천구청</역명>
<계>2443809</계>
<일평균>11540</일평균>
<_1월>335616</_1월>
<_2월>289277</_2월>
<_3월>361086</_3월>
<_4월>374308</_4월>
<_5월>382011</_5월>
<_6월>346428</_6월>
<_7월>355083</_7월>
</Row>
<Row>
<호선>2</호선>
<역번호>249</역번호>
<역명>신정네거리</역명>
<계>3369418</계>
<일평균>15877</일평균>
<_1월>461427</_1월>
<_2월>401011</_2월>
<_3월>492655</_3월>
<_4월>510899</_4월>
<_5월>527478</_5월>
<_6월>480243</_6월>
<_7월>495705</_7월>
</Row>
<Row>
<호선>2</호선>
<역번호>250</역번호>
<역명>용두</역명>
<계>698706</계>
<일평균>3289</일평균>
<_1월>102142</_1월>
<_2월>85824</_2월>
<_3월>103809</_3월>
<_4월>101551</_4월>
<_5월>103561</_5월>
<_6월>98345</_6월>
<_7월>103474</_7월>
</Row>
<Row>
<호선>3</호선>
<역번호>309</역번호>
<역명>지축</역명>
<계>447957</계>
<일평균>2095</일평균>
<_1월>57167</_1월>
<_2월>49595</_2월>
<_3월>63780</_3월>
<_4월>69004</_4월>
<_5월>72414</_5월>
<_6월>67295</_6월>
<_7월>68702</_7월>
</Row>
<Row>
<호선>3</호선>
<역번호>310</역번호>
<역명>구파발</역명>
<계>7132721</계>
<일평균>33376</일평균>
<_1월>953245</_1월>
<_2월>829265</_2월>
<_3월>1015910</_3월>
<_4월>1067366</_4월>
<_5월>1133175</_5월>
<_6월>1042119</_6월>
<_7월>1091641</_7월>
</Row>
<Row>
<호선>3</호선>
<역번호>311</역번호>
<역명>연신내(3)</역명>
<계>13197159</계>
<일평균>62304</일평균>
<_1월>1882989</_1월>
<_2월>1630414</_2월>
<_3월>1953013</_3월>
<_4월>1941758</_4월>
<_5월>2013478</_5월>
<_6월>1855484</_6월>
<_7월>1920023</_7월>
</Row>
<Row>
<호선>3</호선>
<역번호>312</역번호>
<역명>불광(3)</역명>
<계>6189350</계>
<일평균>29260</일평균>
<_1월>871910</_1월>
<_2월>758048</_2월>
<_3월>928800</_3월>
<_4월>919256</_4월>
<_5월>946625</_5월>
<_6월>871265</_6월>
<_7월>893446</_7월>
</Row>
<Row>
<호선>3</호선>
<역번호>313</역번호>
<역명>녹번</역명>
<계>4332799</계>
<일평균>20416</일평균>
<_1월>590387</_1월>
<_2월>509269</_2월>
<_3월>646358</_3월>
<_4월>654784</_4월>
<_5월>678285</_5월>
<_6월>616212</_6월>
<_7월>637504</_7월>
</Row>
<Row>
<호선>3</호선>
<역번호>314</역번호>
<역명>홍제</역명>
<계>6353276</계>
<일평균>30166</일평균>
<_1월>877802</_1월>
<_2월>756839</_2월>
<_3월>967034</_3월>
<_4월>972736</_4월>
<_5월>994445</_5월>
<_6월>891199</_6월>
<_7월>893221</_7월>
</Row>
<Row>
<호선>3</호선>
<역번호>315</역번호>
<역명>무악재</역명>
<계>1347999</계>
<일평균>6349</일평균>
<_1월>184873</_1월>
<_2월>159798</_2월>
<_3월>200441</_3월>
<_4월>205084</_4월>
<_5월>208363</_5월>
<_6월>190554</_6월>
<_7월>198886</_7월>
</Row>
<Row>
<호선>3</호선>
<역번호>316</역번호>
<역명>독립문</역명>
<계>2847971</계>
<일평균>13566</일평균>
<_1월>365446</_1월>
<_2월>332389</_2월>
<_3월>466651</_3월>
<_4월>432583</_4월>
<_5월>459214</_5월>
<_6월>399139</_6월>
<_7월>392549</_7월>
</Row>
<Row>
<호선>3</호선>
<역번호>317</역번호>
<역명>경복궁</역명>
<계>8527610</계>
<일평균>40627</일평균>
<_1월>1158800</_1월>
<_2월>987197</_2월>
<_3월>1256659</_3월>
<_4월>1330472</_4월>
<_5월>1420846</_5월>
<_6월>1199573</_6월>
<_7월>1174063</_7월>
</Row>
<Row>
<호선>3</호선>
<역번호>318</역번호>
<역명>안국</역명>
<계>8480568</계>
<일평균>40079</일평균>
<_1월>1137889</_1월>
<_2월>986927</_2월>
<_3월>1265814</_3월>
<_4월>1331573</_4월>
<_5월>1349893</_5월>
<_6월>1182353</_6월>
<_7월>1226119</_7월>
</Row>
<Row>
<호선>3</호선>
<역번호>319</역번호>
<역명>종로3가(3)</역명>
<계>4156479</계>
<일평균>19616</일평균>
<_1월>628158</_1월>
<_2월>532165</_2월>
<_3월>602863</_3월>
<_4월>601162</_4월>
<_5월>617262</_5월>
<_6월>568940</_6월>
<_7월>605929</_7월>
</Row>
<Row>
<호선>3</호선>
<역번호>320</역번호>
<역명>을지로3가(3)</역명>
<계>3300707</계>
<일평균>15436</일평균>
<_1월>480471</_1월>
<_2월>392287</_2월>
<_3월>478051</_3월>
<_4월>485344</_4월>
<_5월>498321</_5월>
<_6월>459445</_6월>
<_7월>506788</_7월>
</Row>
<Row>
<호선>3</호선>
<역번호>322</역번호>
<역명>동대입구</역명>
<계>4415598</계>
<일평균>21265</일평균>
<_1월>551230</_1월>
<_2월>463440</_2월>
<_3월>697146</_3월>
<_4월>761307</_4월>
<_5월>754819</_5월>
<_6월>621127</_6월>
<_7월>566529</_7월>
</Row>
<Row>
<호선>3</호선>
<역번호>323</역번호>
<역명>약수(3)</역명>
<계>4565538</계>
<일평균>21535</일평균>
<_1월>655288</_1월>
<_2월>557976</_2월>
<_3월>677902</_3월>
<_4월>680150</_4월>
<_5월>691909</_5월>
<_6월>634727</_6월>
<_7월>667586</_7월>
</Row>
<Row>
<호선>3</호선>
<역번호>324</역번호>
<역명>금호</역명>
<계>2783020</계>
<일평균>13131</일평균>
<_1월>399058</_1월>
<_2월>341769</_2월>
<_3월>409837</_3월>
<_4월>413844</_4월>
<_5월>423379</_5월>
<_6월>388818</_6월>
<_7월>406315</_7월>
</Row>
<Row>
<호선>3</호선>
<역번호>325</역번호>
<역명>옥수</역명>
<계>3390951</계>
<일평균>15994</일평균>
<_1월>477414</_1월>
<_2월>411412</_2월>
<_3월>500547</_3월>
<_4월>503296</_4월>
<_5월>521006</_5월>
<_6월>481167</_6월>
<_7월>496109</_7월>
</Row>
<Row>
<호선>3</호선>
<역번호>326</역번호>
<역명>압구정</역명>
<계>12151683</계>
<일평균>57052</일평균>
<_1월>1809421</_1월>
<_2월>1500517</_2월>
<_3월>1777182</_3월>
<_4월>1766311</_4월>
<_5월>1781710</_5월>
<_6월>1691402</_6월>
<_7월>1825140</_7월>
</Row>
<Row>
<호선>3</호선>
<역번호>327</역번호>
<역명>신사</역명>
<계>12312085</계>
<일평균>57826</일평균>
<_1월>1832250</_1월>
<_2월>1541151</_2월>
<_3월>1782584</_3월>
<_4월>1757635</_4월>
<_5월>1844243</_5월>
<_6월>1708638</_6월>
<_7월>1845584</_7월>
</Row>
<Row>
<호선>3</호선>
<역번호>328</역번호>
<역명>잠원</역명>
<계>2116731</계>
<일평균>9963</일평균>
<_1월>297118</_1월>
<_2월>249437</_2월>
<_3월>308411</_3월>
<_4월>318941</_4월>
<_5월>330456</_5월>
<_6월>298936</_6월>
<_7월>313432</_7월>
</Row>
<Row>
<호선>3</호선>
<역번호>329</역번호>
<역명>고속터미널(3)</역명>
<계>19579168</계>
<일평균>92654</일평균>
<_1월>2797821</_1월>
<_2월>2649733</_2월>
<_3월>2884258</_3월>
<_4월>2718059</_4월>
<_5월>2975114</_5월>
<_6월>2745511</_6월>
<_7월>2808672</_7월>
</Row>
<Row>
<호선>3</호선>
<역번호>330</역번호>
<역명>교대(3)</역명>
<계>4280158</계>
<일평균>20105</일평균>
<_1월>616424</_1월>
<_2월>497267</_2월>
<_3월>635766</_3월>
<_4월>650760</_4월>
<_5월>648672</_5월>
<_6월>590029</_6월>
<_7월>641240</_7월>
</Row>
<Row>
<호선>3</호선>
<역번호>331</역번호>
<역명>남부터미널</역명>
<계>12762091</계>
<일평균>60369</일평균>
<_1월>1884278</_1월>
<_2월>1653442</_2월>
<_3월>1920893</_3월>
<_4월>1842424</_4월>
<_5월>1886288</_5월>
<_6월>1739564</_6월>
<_7월>1835202</_7월>
</Row>
<Row>
<호선>3</호선>
<역번호>332</역번호>
<역명>양재</역명>
<계>14580721</계>
<일평균>68795</일평균>
<_1월>2136253</_1월>
<_2월>1738045</_2월>
<_3월>2158607</_3월>
<_4월>2216852</_4월>
<_5월>2193806</_5월>
<_6월>2008422</_6월>
<_7월>2128736</_7월>
</Row>
<Row>
<호선>3</호선>
<역번호>333</역번호>
<역명>매봉</역명>
<계>4011485</계>
<일평균>18830</일평균>
<_1월>588585</_1월>
<_2월>476470</_2월>
<_3월>580394</_3월>
<_4월>609775</_4월>
<_5월>600584</_5월>
<_6월>552419</_6월>
<_7월>603258</_7월>
</Row>
<Row>
<호선>3</호선>
<역번호>334</역번호>
<역명>도곡</역명>
<계>1924513</계>
<일평균>9092</일평균>
<_1월>275601</_1월>
<_2월>225797</_2월>
<_3월>283187</_3월>
<_4월>298994</_4월>
<_5월>295702</_5월>
<_6월>266398</_6월>
<_7월>278834</_7월>
</Row>
<Row>
<호선>3</호선>
<역번호>335</역번호>
<역명>대치</역명>
<계>4081306</계>
<일평균>19144</일평균>
<_1월>596446</_1월>
<_2월>505881</_2월>
<_3월>604353</_3월>
<_4월>584750</_4월>
<_5월>613392</_5월>
<_6월>560156</_6월>
<_7월>616328</_7월>
</Row>
<Row>
<호선>3</호선>
<역번호>336</역번호>
<역명>학여울</역명>
<계>965319</계>
<일평균>4583</일평균>
<_1월>124778</_1월>
<_2월>98065</_2월>
<_3월>156122</_3월>
<_4월>169521</_4월>
<_5월>151474</_5월>
<_6월>129619</_6월>
<_7월>135740</_7월>
</Row>
<Row>
<호선>3</호선>
<역번호>337</역번호>
<역명>대청</역명>
<계>3241897</계>
<일평균>15187</일평균>
<_1월>449402</_1월>
<_2월>383308</_2월>
<_3월>478273</_3월>
<_4월>492023</_4월>
<_5월>493522</_5월>
<_6월>452268</_6월>
<_7월>493101</_7월>
</Row>
<Row>
<호선>3</호선>
<역번호>338</역번호>
<역명>일원</역명>
<계>3344056</계>
<일평균>15669</일평균>
<_1월>472641</_1월>
<_2월>390048</_2월>
<_3월>483582</_3월>
<_4월>507492</_4월>
<_5월>513862</_5월>
<_6월>468409</_6월>
<_7월>508022</_7월>
</Row>
<Row>
<호선>3</호선>
<역번호>339</역번호>
<역명>수서</역명>
<계>5963522</계>
<일평균>28140</일평균>
<_1월>858505</_1월>
<_2월>733261</_2월>
<_3월>877502</_3월>
<_4월>885297</_4월>
<_5월>902325</_5월>
<_6월>836518</_6월>
<_7월>870114</_7월>
</Row>
<Row>
<호선>3</호선>
<역번호>340</역번호>
<역명>가락시장(3)</역명>
<계>3067732</계>
<일평균>14494</일평균>
<_1월>455654</_1월>
<_2월>373934</_2월>
<_3월>450195</_3월>
<_4월>459084</_4월>
<_5월>460162</_5월>
<_6월>424379</_6월>
<_7월>444324</_7월>
</Row>
<Row>
<호선>3</호선>
<역번호>341</역번호>
<역명>경찰병원</역명>
<계>2703671</계>
<일평균>12730</일평균>
<_1월>404756</_1월>
<_2월>329873</_2월>
<_3월>395261</_3월>
<_4월>400177</_4월>
<_5월>402984</_5월>
<_6월>371043</_6월>
<_7월>399577</_7월>
</Row>
<Row>
<호선>3</호선>
<역번호>342</역번호>
<역명>오금(3)</역명>
<계>2018258</계>
<일평균>9533</일평균>
<_1월>293930</_1월>
<_2월>243897</_2월>
<_3월>300302</_3월>
<_4월>304999</_4월>
<_5월>303703</_5월>
<_6월>278521</_6월>
<_7월>292906</_7월>
</Row>
<Row>
<호선>4</호선>
<역번호>409</역번호>
<역명>당고개</역명>
<계>3890043</계>
<일평균>18335</일평균>
<_1월>534107</_1월>
<_2월>469590</_2월>
<_3월>575450</_3월>
<_4월>577390</_4월>
<_5월>605837</_5월>
<_6월>556324</_6월>
<_7월>571345</_7월>
</Row>
<Row>
<호선>4</호선>
<역번호>410</역번호>
<역명>상계</역명>
<계>6454910</계>
<일평균>30500</일평균>
<_1월>917144</_1월>
<_2월>787118</_2월>
<_3월>962142</_3월>
<_4월>962952</_4월>
<_5월>988501</_5월>
<_6월>902610</_6월>
<_7월>934443</_7월>
</Row>
<Row>
<호선>4</호선>
<역번호>411</역번호>
<역명>노원(4)</역명>
<계>6602009</계>
<일평균>31167</일평균>
<_1월>943523</_1월>
<_2월>829958</_2월>
<_3월>973299</_3월>
<_4월>960065</_4월>
<_5월>1011911</_5월>
<_6월>922438</_6월>
<_7월>960815</_7월>
</Row>
<Row>
<호선>4</호선>
<역번호>412</역번호>
<역명>창동</역명>
<계>9889266</계>
<일평균>46662</일평균>
<_1월>1401167</_1월>
<_2월>1204413</_2월>
<_3월>1452229</_3월>
<_4월>1464088</_4월>
<_5월>1525176</_5월>
<_6월>1398651</_6월>
<_7월>1443542</_7월>
</Row>
<Row>
<호선>4</호선>
<역번호>413</역번호>
<역명>쌍문</역명>
<계>10239384</계>
<일평균>48374</일평균>
<_1월>1469954</_1월>
<_2월>1261463</_2월>
<_3월>1517816</_3월>
<_4월>1518678</_4월>
<_5월>1560001</_5월>
<_6월>1427696</_6월>
<_7월>1483776</_7월>
</Row>
<Row>
<호선>4</호선>
<역번호>414</역번호>
<역명>수유</역명>
<계>12313743</계>
<일평균>58234</일평균>
<_1월>1749368</_1월>
<_2월>1517012</_2월>
<_3월>1833966</_3월>
<_4월>1829766</_4월>
<_5월>1885754</_5월>
<_6월>1724421</_6월>
<_7월>1773456</_7월>
</Row>
<Row>
<호선>4</호선>
<역번호>415</역번호>
<역명>미아</역명>
<계>5358065</계>
<일평균>25433</일평균>
<_1월>740784</_1월>
<_2월>642962</_2월>
<_3월>806334</_3월>
<_4월>815784</_4월>
<_5월>837634</_5월>
<_6월>759883</_6월>
<_7월>754684</_7월>
</Row>
<Row>
<호선>4</호선>
<역번호>416</역번호>
<역명>미아사거리</역명>
<계>9486691</계>
<일평균>44710</일평균>
<_1월>1325505</_1월>
<_2월>1152083</_2월>
<_3월>1391505</_3월>
<_4월>1411331</_4월>
<_5월>1468619</_5월>
<_6월>1343394</_6월>
<_7월>1394254</_7월>
</Row>
<Row>
<호선>4</호선>
<역번호>417</역번호>
<역명>길음</역명>
<계>7569973</계>
<일평균>36059</일평균>
<_1월>1013326</_1월>
<_2월>871137</_2월>
<_3월>1180467</_3월>
<_4월>1185046</_4월>
<_5월>1216515</_5월>
<_6월>1060097</_6월>
<_7월>1043385</_7월>
</Row>
<Row>
<호선>4</호선>
<역번호>418</역번호>
<역명>성신여대입구</역명>
<계>7771312</계>
<일평균>36962</일평균>
<_1월>1047499</_1월>
<_2월>921166</_2월>
<_3월>1205249</_3월>
<_4월>1181539</_4월>
<_5월>1240532</_5월>
<_6월>1094079</_6월>
<_7월>1081248</_7월>
</Row>
<Row>
<호선>4</호선>
<역번호>419</역번호>
<역명>한성대입구</역명>
<계>5487237</계>
<일평균>26222</일평균>
<_1월>713370</_1월>
<_2월>616115</_2월>
<_3월>854753</_3월>
<_4월>866279</_4월>
<_5월>915349</_5월>
<_6월>780394</_6월>
<_7월>740977</_7월>
</Row>
<Row>
<호선>4</호선>
<역번호>420</역번호>
<역명>혜화</역명>
<계>14590399</계>
<일평균>68927</일평균>
<_1월>2111433</_1월>
<_2월>1760055</_2월>
<_3월>2153957</_3월>
<_4월>2099696</_4월>
<_5월>2286396</_5월>
<_6월>2064146</_6월>
<_7월>2114716</_7월>
</Row>
<Row>
<호선>4</호선>
<역번호>421</역번호>
<역명>동대문(4)</역명>
<계>8194593</계>
<일평균>38589</일평균>
<_1월>1153388</_1월>
<_2월>978928</_2월>
<_3월>1224856</_3월>
<_4월>1201257</_4월>
<_5월>1274627</_5월>
<_6월>1151506</_6월>
<_7월>1210031</_7월>
</Row>
<Row>
<호선>4</호선>
<역번호>422</역번호>
<역명>동대문역사문화공원(4)</역명>
<계>6268852</계>
<일평균>29575</일평균>
<_1월>865539</_1월>
<_2월>771599</_2월>
<_3월>948895</_3월>
<_4월>908121</_4월>
<_5월>970894</_5월>
<_6월>887905</_6월>
<_7월>915899</_7월>
</Row>
<Row>
<호선>4</호선>
<역번호>423</역번호>
<역명>충무로(4)</역명>
<계>10092831</계>
<일평균>47946</일평균>
<_1월>1386713</_1월>
<_2월>1156210</_2월>
<_3월>1548629</_3월>
<_4월>1600364</_4월>
<_5월>1579675</_5월>
<_6월>1406537</_6월>
<_7월>1414703</_7월>
</Row>
<Row>
<호선>4</호선>
<역번호>424</역번호>
<역명>명동</역명>
<계>13636262</계>
<일평균>65132</일평균>
<_1월>1827845</_1월>
<_2월>1667619</_2월>
<_3월>2173639</_3월>
<_4월>2117136</_4월>
<_5월>2058733</_5월>
<_6월>1943993</_6월>
<_7월>1847297</_7월>
</Row>
<Row>
<호선>4</호선>
<역번호>425</역번호>
<역명>회현</역명>
<계>11016845</계>
<일평균>52062</일평균>
<_1월>1522408</_1월>
<_2월>1287971</_2월>
<_3월>1657948</_3월>
<_4월>1677197</_4월>
<_5월>1716382</_5월>
<_6월>1561358</_6월>
<_7월>1593581</_7월>
</Row>
<Row>
<호선>4</호선>
<역번호>426</역번호>
<역명>서울역(4)</역명>
<계>5564997</계>
<일평균>26216</일평균>
<_1월>792725</_1월>
<_2월>689409</_2월>
<_3월>821484</_3월>
<_4월>831037</_4월>
<_5월>836634</_5월>
<_6월>773777</_6월>
<_7월>819931</_7월>
</Row>
<Row>
<호선>4</호선>
<역번호>427</역번호>
<역명>숙대입구</역명>
<계>5456995</계>
<일평균>26035</일평균>
<_1월>732400</_1월>
<_2월>607490</_2월>
<_3월>861951</_3월>
<_4월>860667</_4월>
<_5월>870118</_5월>
<_6월>779548</_6월>
<_7월>744821</_7월>
</Row>
<Row>
<호선>4</호선>
<역번호>428</역번호>
<역명>삼각지(4)</역명>
<계>1672334</계>
<일평균>7892</일평균>
<_1월>245479</_1월>
<_2월>203738</_2월>
<_3월>245394</_3월>
<_4월>250241</_4월>
<_5월>248710</_5월>
<_6월>234884</_6월>
<_7월>243888</_7월>
</Row>
<Row>
<호선>4</호선>
<역번호>429</역번호>
<역명>신용산</역명>
<계>5580994</계>
<일평균>26153</일평균>
<_1월>810983</_1월>
<_2월>696302</_2월>
<_3월>802651</_3월>
<_4월>807524</_4월>
<_5월>842771</_5월>
<_6월>773461</_6월>
<_7월>847302</_7월>
</Row>
<Row>
<호선>4</호선>
<역번호>430</역번호>
<역명>이촌</역명>
<계>3463042</계>
<일평균>16341</일평균>
<_1월>504708</_1월>
<_2월>444004</_2월>
<_3월>470697</_3월>
<_4월>495031</_4월>
<_5월>553937</_5월>
<_6월>489305</_6월>
<_7월>505360</_7월>
</Row>
<Row>
<호선>4</호선>
<역번호>431</역번호>
<역명>동작</역명>
<계>1065908</계>
<일평균>5090</일평균>
<_1월>127795</_1월>
<_2월>112495</_2월>
<_3월>140046</_3월>
<_4월>176610</_4월>
<_5월>183914</_5월>
<_6월>180477</_6월>
<_7월>144571</_7월>
</Row>
<Row>
<호선>4</호선>
<역번호>432</역번호>
<역명>이수(총신대입구)</역명>
<계>8311688</계>
<일평균>39220</일평균>
<_1월>1204334</_1월>
<_2월>1020302</_2월>
<_3월>1229961</_3월>
<_4월>1235507</_4월>
<_5월>1252317</_5월>
<_6월>1156377</_6월>
<_7월>1212890</_7월>
</Row>
<Row>
<호선>4</호선>
<역번호>433</역번호>
<역명>사당(4)</역명>
<계>9212811</계>
<일평균>43617</일평균>
<_1월>1305481</_1월>
<_2월>1110147</_2월>
<_3월>1384836</_3월>
<_4월>1377742</_4월>
<_5월>1410594</_5월>
<_6월>1305777</_6월>
<_7월>1318234</_7월>
</Row>
<Row>
<호선>4</호선>
<역번호>434</역번호>
<역명>남태령</역명>
<계>531729</계>
<일평균>2529</일평균>
<_1월>73791</_1월>
<_2월>62597</_2월>
<_3월>82447</_3월>
<_4월>81682</_4월>
<_5월>83741</_5월>
<_6월>73460</_6월>
<_7월>74011</_7월>
</Row>
<Row>
<호선>5</호선>
<역번호>2511</역번호>
<역명>방화</역명>
<계>2287126</계>
<일평균>10772</일평균>
<_1월>321462</_1월>
<_2월>275908</_2월>
<_3월>339408</_3월>
<_4월>340584</_4월>
<_5월>350019</_5월>
<_6월>322249</_6월>
<_7월>337496</_7월>
</Row>
<Row>
<호선>5</호선>
<역번호>2512</역번호>
<역명>개화산</역명>
<계>1879736</계>
<일평균>8870</일평균>
<_1월>270714</_1월>
<_2월>229087</_2월>
<_3월>276735</_3월>
<_4월>280529</_4월>
<_5월>287568</_5월>
<_6월>260813</_6월>
<_7월>274290</_7월>
</Row>
<Row>
<호선>5</호선>
<역번호>2513</역번호>
<역명>김포공항(5)</역명>
<계>2105723</계>
<일평균>9889</일평균>
<_1월>299230</_1월>
<_2월>271722</_2월>
<_3월>304052</_3월>
<_4월>297684</_4월>
<_5월>318032</_5월>
<_6월>299216</_6월>
<_7월>315787</_7월>
</Row>
<Row>
<호선>5</호선>
<역번호>2514</역번호>
<역명>송정</역명>
<계>2679463</계>
<일평균>12693</일평균>
<_1월>376468</_1월>
<_2월>326199</_2월>
<_3월>402042</_3월>
<_4월>403891</_4월>
<_5월>413141</_5월>
<_6월>375709</_6월>
<_7월>382013</_7월>
</Row>
<Row>
<호선>5</호선>
<역번호>2515</역번호>
<역명>마곡</역명>
<계>1955797</계>
<일평균>9195</일평균>
<_1월>283592</_1월>
<_2월>230765</_2월>
<_3월>285974</_3월>
<_4월>291999</_4월>
<_5월>301412</_5월>
<_6월>270570</_6월>
<_7월>291485</_7월>
</Row>
<Row>
<호선>5</호선>
<역번호>2516</역번호>
<역명>발산</역명>
<계>5594290</계>
<일평균>26335</일평균>
<_1월>749864</_1월>
<_2월>659184</_2월>
<_3월>833594</_3월>
<_4월>851660</_4월>
<_5월>867101</_5월>
<_6월>805187</_6월>
<_7월>827700</_7월>
</Row>
<Row>
<호선>5</호선>
<역번호>2517</역번호>
<역명>우장산</역명>
<계>4869901</계>
<일평균>23019</일평균>
<_1월>682382</_1월>
<_2월>580354</_2월>
<_3월>729153</_3월>
<_4월>739068</_4월>
<_5월>754231</_5월>
<_6월>681155</_6월>
<_7월>703558</_7월>
</Row>
<Row>
<호선>5</호선>
<역번호>2518</역번호>
<역명>화곡</역명>
<계>9288264</계>
<일평균>43816</일평균>
<_1월>1316142</_1월>
<_2월>1130899</_2월>
<_3월>1372021</_3월>
<_4월>1389226</_4월>
<_5월>1421881</_5월>
<_6월>1300483</_6월>
<_7월>1357612</_7월>
</Row>
<Row>
<호선>5</호선>
<역번호>2519</역번호>
<역명>까치산(5)</역명>
<계>9938993</계>
<일평균>46952</일평균>
<_1월>1429654</_1월>
<_2월>1225307</_2월>
<_3월>1464365</_3월>
<_4월>1483964</_4월>
<_5월>1508828</_5월>
<_6월>1386055</_6월>
<_7월>1440820</_7월>
</Row>
<Row>
<호선>5</호선>
<역번호>2520</역번호>
<역명>신정</역명>
<계>3937447</계>
<일평균>18730</일평균>
<_1월>603426</_1월>
<_2월>508698</_2월>
<_3월>616428</_3월>
<_4월>564859</_4월>
<_5월>575574</_5월>
<_6월>521209</_6월>
<_7월>547253</_7월>
</Row>
<Row>
<호선>5</호선>
<역번호>2521</역번호>
<역명>목동</역명>
<계>6180958</계>
<일평균>29130</일평균>
<_1월>863627</_1월>
<_2월>730308</_2월>
<_3월>907614</_3월>
<_4월>946631</_4월>
<_5월>957145</_5월>
<_6월>867192</_6월>
<_7월>908441</_7월>
</Row>
<Row>
<호선>5</호선>
<역번호>2522</역번호>
<역명>오목교</역명>
<계>7993721</계>
<일평균>37689</일평균>
<_1월>1166406</_1월>
<_2월>989260</_2월>
<_3월>1172464</_3월>
<_4월>1185911</_4월>
<_5월>1202904</_5월>
<_6월>1104648</_6월>
<_7월>1172128</_7월>
</Row>
<Row>
<호선>5</호선>
<역번호>2523</역번호>
<역명>양평(5)</역명>
<계>2088157</계>
<일평균>9818</일평균>
<_1월>307961</_1월>
<_2월>253579</_2월>
<_3월>304830</_3월>
<_4월>314284</_4월>
<_5월>311386</_5월>
<_6월>284945</_6월>
<_7월>311172</_7월>
</Row>
<Row>
<호선>5</호선>
<역번호>2524</역번호>
<역명>영등포구청(5)</역명>
<계>952027</계>
<일평균>4480</일평균>
<_1월>138194</_1월>
<_2월>115091</_2월>
<_3월>138155</_3월>
<_4월>143976</_4월>
<_5월>144142</_5월>
<_6월>131250</_6월>
<_7월>141219</_7월>
</Row>
<Row>
<호선>5</호선>
<역번호>2525</역번호>
<역명>영등포시장</역명>
<계>3023531</계>
<일평균>14260</일평균>
<_1월>433612</_1월>
<_2월>369435</_2월>
<_3월>448518</_3월>
<_4월>443935</_4월>
<_5월>457170</_5월>
<_6월>428340</_6월>
<_7월>442521</_7월>
</Row>
<Row>
<호선>5</호선>
<역번호>2526</역번호>
<역명>신길(5)</역명>
<계>1004902</계>
<일평균>4726</일평균>
<_1월>146190</_1월>
<_2월>119983</_2월>
<_3월>145772</_3월>
<_4월>150529</_4월>
<_5월>151998</_5월>
<_6월>140901</_6월>
<_7월>149529</_7월>
</Row>
<Row>
<호선>5</호선>
<역번호>2527</역번호>
<역명>여의도(5)</역명>
<계>7643158</계>
<일평균>35821</일평균>
<_1월>1113274</_1월>
<_2월>889560</_2월>
<_3월>1072790</_3월>
<_4월>1238103</_4월>
<_5월>1141247</_5월>
<_6월>1028734</_6월>
<_7월>1159450</_7월>
</Row>
<Row>
<호선>5</호선>
<역번호>2528</역번호>
<역명>여의나루</역명>
<계>4278018</계>
<일평균>20546</일평균>
<_1월>342751</_1월>
<_2월>321348</_2월>
<_3월>476228</_3월>
<_4월>1010688</_4월>
<_5월>953524</_5월>
<_6월>614348</_6월>
<_7월>559131</_7월>
</Row>
<Row>
<호선>5</호선>
<역번호>2529</역번호>
<역명>마포</역명>
<계>4840918</계>
<일평균>22761</일평균>
<_1월>714113</_1월>
<_2월>587691</_2월>
<_3월>700655</_3월>
<_4월>728950</_4월>
<_5월>726136</_5월>
<_6월>662124</_6월>
<_7월>721249</_7월>
</Row>
<Row>
<호선>5</호선>
<역번호>2530</역번호>
<역명>공덕(5)</역명>
<계>4485247</계>
<일평균>21052</일평균>
<_1월>644719</_1월>
<_2월>530813</_2월>
<_3월>649549</_3월>
<_4월>686774</_4월>
<_5월>679923</_5월>
<_6월>618665</_6월>
<_7월>674804</_7월>
</Row>
<Row>
<호선>5</호선>
<역번호>2531</역번호>
<역명>애오개</역명>
<계>2419181</계>
<일평균>11374</일평균>
<_1월>346510</_1월>
<_2월>288762</_2월>
<_3월>356165</_3월>
<_4월>365657</_4월>
<_5월>365366</_5월>
<_6월>336331</_6월>
<_7월>360390</_7월>
</Row>
<Row>
<호선>5</호선>
<역번호>2532</역번호>
<역명>충정로(5)</역명>
<계>1369298</계>
<일평균>6448</일평균>
<_1월>192060</_1월>
<_2월>158312</_2월>
<_3월>203860</_3월>
<_4월>212571</_4월>
<_5월>212228</_5월>
<_6월>188082</_6월>
<_7월>202185</_7월>
</Row>
<Row>
<호선>5</호선>
<역번호>2533</역번호>
<역명>서대문</역명>
<계>5902608</계>
<일평균>27784</일평균>
<_1월>821627</_1월>
<_2월>676842</_2월>
<_3월>876218</_3월>
<_4월>910875</_4월>
<_5월>917406</_5월>
<_6월>825933</_6월>
<_7월>873707</_7월>
</Row>
<Row>
<호선>5</호선>
<역번호>2534</역번호>
<역명>광화문</역명>
<계>11236674</계>
<일평균>52916</일평균>
<_1월>1684360</_1월>
<_2월>1381368</_2월>
<_3월>1654234</_3월>
<_4월>1670400</_4월>
<_5월>1680976</_5월>
<_6월>1506306</_6월>
<_7월>1659030</_7월>
</Row>
<Row>
<호선>5</호선>
<역번호>2535</역번호>
<역명>종로3가(5)</역명>
<계>5005650</계>
<일평균>23762</일평균>
<_1월>786061</_1월>
<_2월>674088</_2월>
<_3월>733102</_3월>
<_4월>698069</_4월>
<_5월>739948</_5월>
<_6월>669622</_6월>
<_7월>704760</_7월>
</Row>
<Row>
<호선>5</호선>
<역번호>2536</역번호>
<역명>을지로4가(5)</역명>
<계>1357677</계>
<일평균>6363</일평균>
<_1월>203346</_1월>
<_2월>163519</_2월>
<_3월>194648</_3월>
<_4월>196485</_4월>
<_5월>198489</_5월>
<_6월>195212</_6월>
<_7월>205978</_7월>
</Row>
<Row>
<호선>5</호선>
<역번호>2537</역번호>
<역명>동대문역사문화공원(5)</역명>
<계>854563</계>
<일평균>4000</일평균>
<_1월>126314</_1월>
<_2월>101625</_2월>
<_3월>125762</_3월>
<_4월>128548</_4월>
<_5월>126310</_5월>
<_6월>115490</_6월>
<_7월>130514</_7월>
</Row>
<Row>
<호선>5</호선>
<역번호>2538</역번호>
<역명>청구(5)</역명>
<계>1238475</계>
<일평균>5831</일평균>
<_1월>174780</_1월>
<_2월>148942</_2월>
<_3월>183214</_3월>
<_4월>185951</_4월>
<_5월>190080</_5월>
<_6월>172371</_6월>
<_7월>183137</_7월>
</Row>
<Row>
<호선>5</호선>
<역번호>2539</역번호>
<역명>신금호</역명>
<계>2220488</계>
<일평균>10476</일평균>
<_1월>309858</_1월>
<_2월>265536</_2월>
<_3월>330058</_3월>
<_4월>332520</_4월>
<_5월>343799</_5월>
<_6월>314334</_6월>
<_7월>324383</_7월>
</Row>
<Row>
<호선>5</호선>
<역번호>2540</역번호>
<역명>행당</역명>
<계>2764518</계>
<일평균>13042</일평균>
<_1월>394871</_1월>
<_2월>335794</_2월>
<_3월>409806</_3월>
<_4월>414953</_4월>
<_5월>419304</_5월>
<_6월>385849</_6월>
<_7월>403941</_7월>
</Row>
<Row>
<호선>5</호선>
<역번호>2541</역번호>
<역명>왕십리(5)</역명>
<계>1370854</계>
<일평균>6473</일평균>
<_1월>201419</_1월>
<_2월>172909</_2월>
<_3월>203716</_3월>
<_4월>199049</_4월>
<_5월>205499</_5월>
<_6월>189027</_6월>
<_7월>199235</_7월>
</Row>
<Row>
<호선>5</호선>
<역번호>2542</역번호>
<역명>마장</역명>
<계>1999764</계>
<일평균>9508</일평균>
<_1월>289761</_1월>
<_2월>246170</_2월>
<_3월>299748</_3월>
<_4월>306227</_4월>
<_5월>305508</_5월>
<_6월>273414</_6월>
<_7월>278936</_7월>
</Row>
<Row>
<호선>5</호선>
<역번호>2543</역번호>
<역명>답십리</역명>
<계>5587298</계>
<일평균>26370</일평균>
<_1월>803599</_1월>
<_2월>683228</_2월>
<_3월>830712</_3월>
<_4월>832157</_4월>
<_5월>845639</_5월>
<_6월>777465</_6월>
<_7월>814498</_7월>
</Row>
<Row>
<호선>5</호선>
<역번호>2544</역번호>
<역명>장한평</역명>
<계>6519429</계>
<일평균>30670</일평균>
<_1월>947398</_1월>
<_2월>797312</_2월>
<_3월>957787</_3월>
<_4월>969215</_4월>
<_5월>981635</_5월>
<_6월>897941</_6월>
<_7월>968141</_7월>
</Row>
<Row>
<호선>5</호선>
<역번호>2545</역번호>
<역명>군자(5)</역명>
<계>3515460</계>
<일평균>16590</일평균>
<_1월>500391</_1월>
<_2월>426153</_2월>
<_3월>523947</_3월>
<_4월>526349</_4월>
<_5월>533211</_5월>
<_6월>492719</_6월>
<_7월>512690</_7월>
</Row>
<Row>
<호선>5</호선>
<역번호>2546</역번호>
<역명>아차산</역명>
<계>5003019</계>
<일평균>23727</일평균>
<_1월>685476</_1월>
<_2월>596654</_2월>
<_3월>744363</_3월>
<_4월>763802</_4월>
<_5월>797610</_5월>
<_6월>706702</_6월>
<_7월>708412</_7월>
</Row>
<Row>
<호선>5</호선>
<역번호>2547</역번호>
<역명>광나루</역명>
<계>4484036</계>
<일평균>21256</일평균>
<_1월>634285</_1월>
<_2월>521528</_2월>
<_3월>675921</_3월>
<_4월>686171</_4월>
<_5월>696599</_5월>
<_6월>632800</_6월>
<_7월>636732</_7월>
</Row>
<Row>
<호선>5</호선>
<역번호>2548</역번호>
<역명>천호(5)</역명>
<계>6333768</계>
<일평균>29907</일평균>
<_1월>913210</_1월>
<_2월>786995</_2월>
<_3월>939143</_3월>
<_4월>916773</_4월>
<_5월>964233</_5월>
<_6월>892763</_6월>
<_7월>920651</_7월>
</Row>
<Row>
<호선>5</호선>
<역번호>2549</역번호>
<역명>강동</역명>
<계>6635153</계>
<일평균>31098</일평균>
<_1월>940522</_1월>
<_2월>798648</_2월>
<_3월>972951</_3월>
<_4월>979950</_4월>
<_5월>1002232</_5월>
<_6월>934412</_6월>
<_7월>1006438</_7월>
</Row>
<Row>
<호선>5</호선>
<역번호>2550</역번호>
<역명>길동</역명>
<계>2562713</계>
<일평균>12078</일평균>
<_1월>372568</_1월>
<_2월>315628</_2월>
<_3월>378388</_3월>
<_4월>375545</_4월>
<_5월>387831</_5월>
<_6월>356154</_6월>
<_7월>376599</_7월>
</Row>
<Row>
<호선>5</호선>
<역번호>2551</역번호>
<역명>굽은다리</역명>
<계>3234269</계>
<일평균>15245</일평균>
<_1월>458975</_1월>
<_2월>390240</_2월>
<_3월>475209</_3월>
<_4월>480737</_4월>
<_5월>499007</_5월>
<_6월>455117</_6월>
<_7월>474984</_7월>
</Row>
<Row>
<호선>5</호선>
<역번호>2552</역번호>
<역명>명일</역명>
<계>2742394</계>
<일평균>12926</일평균>
<_1월>391417</_1월>
<_2월>327370</_2월>
<_3월>411289</_3월>
<_4월>409104</_4월>
<_5월>421063</_5월>
<_6월>379378</_6월>
<_7월>402773</_7월>
</Row>
<Row>
<호선>5</호선>
<역번호>2553</역번호>
<역명>고덕</역명>
<계>3161047</계>
<일평균>14885</일평균>
<_1월>438239</_1월>
<_2월>371638</_2월>
<_3월>466344</_3월>
<_4월>478066</_4월>
<_5월>493806</_5월>
<_6월>445988</_6월>
<_7월>466966</_7월>
</Row>
<Row>
<호선>5</호선>
<역번호>2554</역번호>
<역명>상일동</역명>
<계>4098058</계>
<일평균>19352</일평균>
<_1월>580640</_1월>
<_2월>482784</_2월>
<_3월>605881</_3월>
<_4월>619871</_4월>
<_5월>638787</_5월>
<_6월>574701</_6월>
<_7월>595394</_7월>
</Row>
<Row>
<호선>5</호선>
<역번호>2555</역번호>
<역명>둔촌동</역명>
<계>3008835</계>
<일평균>14206</일평균>
<_1월>431801</_1월>
<_2월>360796</_2월>
<_3월>448453</_3월>
<_4월>444191</_4월>
<_5월>459070</_5월>
<_6월>426945</_6월>
<_7월>437579</_7월>
</Row>
<Row>
<호선>5</호선>
<역번호>2556</역번호>
<역명>올림픽공원(5)</역명>
<계>1652006</계>
<일평균>7777</일평균>
<_1월>215689</_1월>
<_2월>170696</_2월>
<_3월>236848</_3월>
<_4월>254444</_4월>
<_5월>270124</_5월>
<_6월>259925</_6월>
<_7월>244280</_7월>
</Row>
<Row>
<호선>5</호선>
<역번호>2557</역번호>
<역명>방이</역명>
<계>2442499</계>
<일평균>11521</일평균>
<_1월>353823</_1월>
<_2월>295861</_2월>
<_3월>363232</_3월>
<_4월>362812</_4월>
<_5월>367161</_5월>
<_6월>342562</_6월>
<_7월>357048</_7월>
</Row>
<Row>
<호선>5</호선>
<역번호>2558</역번호>
<역명>오금(5)</역명>
<계>1054175</계>
<일평균>4958</일평균>
<_1월>145981</_1월>
<_2월>122044</_2월>
<_3월>157831</_3월>
<_4월>159904</_4월>
<_5월>162202</_5월>
<_6월>149500</_6월>
<_7월>156713</_7월>
</Row>
<Row>
<호선>5</호선>
<역번호>2559</역번호>
<역명>개롱</역명>
<계>2253780</계>
<일평균>10602</일평균>
<_1월>315242</_1월>
<_2월>266164</_2월>
<_3월>332595</_3월>
<_4월>338303</_4월>
<_5월>346840</_5월>
<_6월>319893</_6월>
<_7월>334743</_7월>
</Row>
<Row>
<호선>5</호선>
<역번호>2560</역번호>
<역명>거여</역명>
<계>2475553</계>
<일평균>11650</일평균>
<_1월>344007</_1월>
<_2월>291454</_2월>
<_3월>366979</_3월>
<_4월>371864</_4월>
<_5월>384073</_5월>
<_6월>350140</_6월>
<_7월>367036</_7월>
</Row>
<Row>
<호선>5</호선>
<역번호>2561</역번호>
<역명>마천</역명>
<계>1823337</계>
<일평균>8610</일평균>
<_1월>252241</_1월>
<_2월>218691</_2월>
<_3월>269937</_3월>
<_4월>272402</_4월>
<_5월>282743</_5월>
<_6월>262509</_6월>
<_7월>264814</_7월>
</Row>
<Row>
<호선>6</호선>
<역번호>2611</역번호>
<역명>응암</역명>
<계>6177846</계>
<일평균>29202</일평균>
<_1월>880413</_1월>
<_2월>754935</_2월>
<_3월>913407</_3월>
<_4월>932473</_4월>
<_5월>940825</_5월>
<_6월>863553</_6월>
<_7월>892240</_7월>
</Row>
<Row>
<호선>6</호선>
<역번호>2612</역번호>
<역명>역촌</역명>
<계>1417987</계>
<일평균>6656</일평균>
<_1월>202411</_1월>
<_2월>173933</_2월>
<_3월>208355</_3월>
<_4월>207682</_4월>
<_5월>212182</_5월>
<_6월>200280</_6월>
<_7월>213144</_7월>
</Row>
<Row>
<호선>6</호선>
<역번호>2613</역번호>
<역명>불광(6)</역명>
<계>1600912</계>
<일평균>7550</일평균>
<_1월>228631</_1월>
<_2월>204537</_2월>
<_3월>238334</_3월>
<_4월>232568</_4월>
<_5월>238733</_5월>
<_6월>223632</_6월>
<_7월>234477</_7월>
</Row>
<Row>
<호선>6</호선>
<역번호>2614</역번호>
<역명>독바위</역명>
<계>995242</계>
<일평균>4698</일평균>
<_1월>144334</_1월>
<_2월>121578</_2월>
<_3월>147439</_3월>
<_4월>146835</_4월>
<_5월>150411</_5월>
<_6월>139817</_6월>
<_7월>144828</_7월>
</Row>
<Row>
<호선>6</호선>
<역번호>2616</역번호>
<역명>구산</역명>
<계>2468631</계>
<일평균>11621</일평균>
<_1월>348312</_1월>
<_2월>292032</_2월>
<_3월>366104</_3월>
<_4월>369884</_4월>
<_5월>379000</_5월>
<_6월>348165</_6월>
<_7월>365134</_7월>
</Row>
<Row>
<호선>6</호선>
<역번호>2617</역번호>
<역명>새절</역명>
<계>4631286</계>
<일평균>21954</일평균>
<_1월>624383</_1월>
<_2월>538291</_2월>
<_3월>695986</_3월>
<_4월>723336</_4월>
<_5월>731337</_5월>
<_6월>660265</_6월>
<_7월>657688</_7월>
</Row>
<Row>
<호선>6</호선>
<역번호>2618</역번호>
<역명>증산</역명>
<계>3534394</계>
<일평균>16707</일평균>
<_1월>492649</_1월>
<_2월>424540</_2월>
<_3월>524489</_3월>
<_4월>537603</_4월>
<_5월>545053</_5월>
<_6월>499756</_6월>
<_7월>510304</_7월>
</Row>
<Row>
<호선>6</호선>
<역번호>2619</역번호>
<역명>디지털미디어시티(6)</역명>
<계>4568031</계>
<일평균>21497</일평균>
<_1월>661816</_1월>
<_2월>548261</_2월>
<_3월>664894</_3월>
<_4월>687163</_4월>
<_5월>697265</_5월>
<_6월>631427</_6월>
<_7월>677205</_7월>
</Row>
<Row>
<호선>6</호선>
<역번호>2620</역번호>
<역명>월드컵경기장</역명>
<계>2229045</계>
<일평균>10374</일평균>
<_1월>242214</_1월>
<_2월>212706</_2월>
<_3월>355421</_3월>
<_4월>304644</_4월>
<_5월>405275</_5월>
<_6월>357417</_6월>
<_7월>351368</_7월>
</Row>
<Row>
<호선>6</호선>
<역번호>2621</역번호>
<역명>마포구청</역명>
<계>4710963</계>
<일평균>22212</일평균>
<_1월>672971</_1월>
<_2월>574198</_2월>
<_3월>693661</_3월>
<_4월>704100</_4월>
<_5월>719211</_5월>
<_6월>656082</_6월>
<_7월>690740</_7월>
</Row>
<Row>
<호선>6</호선>
<역번호>2622</역번호>
<역명>망원</역명>
<계>4970295</계>
<일평균>23481</일평균>
<_1월>723668</_1월>
<_2월>618132</_2월>
<_3월>739693</_3월>
<_4월>726811</_4월>
<_5월>751732</_5월>
<_6월>690008</_6월>
<_7월>720251</_7월>
</Row>
<Row>
<호선>6</호선>
<역번호>2623</역번호>
<역명>합정(6)</역명>
<계>4153803</계>
<일평균>19603</일평균>
<_1월>598572</_1월>
<_2월>516840</_2월>
<_3월>618552</_3월>
<_4월>601768</_4월>
<_5월>626364</_5월>
<_6월>586021</_6월>
<_7월>605686</_7월>
</Row>
<Row>
<호선>6</호선>
<역번호>2624</역번호>
<역명>상수</역명>
<계>3808668</계>
<일평균>18074</일평균>
<_1월>531678</_1월>
<_2월>461916</_2월>
<_3월>581678</_3월>
<_4월>563702</_4월>
<_5월>601979</_5월>
<_6월>530277</_6월>
<_7월>537438</_7월>
</Row>
<Row>
<호선>6</호선>
<역번호>2625</역번호>
<역명>광흥창</역명>
<계>2995428</계>
<일평균>14091</일평균>
<_1월>434294</_1월>
<_2월>362174</_2월>
<_3월>441954</_3월>
<_4월>452897</_4월>
<_5월>443011</_5월>
<_6월>416219</_6월>
<_7월>444879</_7월>
</Row>
<Row>
<호선>6</호선>
<역번호>2626</역번호>
<역명>대흥</역명>
<계>3044197</계>
<일평균>14433</일평균>
<_1월>409114</_1월>
<_2월>339585</_2월>
<_3월>466420</_3월>
<_4월>473952</_4월>
<_5월>490373</_5월>
<_6월>432949</_6월>
<_7월>431804</_7월>
</Row>
<Row>
<호선>6</호선>
<역번호>2627</역번호>
<역명>공덕(6)</역명>
<계>5715366</계>
<일평균>26885</일평균>
<_1월>832533</_1월>
<_2월>691131</_2월>
<_3월>836471</_3월>
<_4월>861485</_4월>
<_5월>856989</_5월>
<_6월>787598</_6월>
<_7월>849159</_7월>
</Row>
<Row>
<호선>6</호선>
<역번호>2628</역번호>
<역명>효창공원앞</역명>
<계>2374928</계>
<일평균>11270</일평균>
<_1월>329977</_1월>
<_2월>279654</_2월>
<_3월>360334</_3월>
<_4월>368753</_4월>
<_5월>369465</_5월>
<_6월>331667</_6월>
<_7월>335078</_7월>
</Row>
<Row>
<호선>6</호선>
<역번호>2629</역번호>
<역명>삼각지(6)</역명>
<계>1906802</계>
<일평균>9011</일평균>
<_1월>265227</_1월>
<_2월>225121</_2월>
<_3월>279738</_3월>
<_4월>281162</_4월>
<_5월>298391</_5월>
<_6월>281284</_6월>
<_7월>275879</_7월>
</Row>
<Row>
<호선>6</호선>
<역번호>2630</역번호>
<역명>녹사평</역명>
<계>2146497</계>
<일평균>10149</일평균>
<_1월>293726</_1월>
<_2월>262319</_2월>
<_3월>335139</_3월>
<_4월>307601</_4월>
<_5월>325742</_5월>
<_6월>312605</_6월>
<_7월>309365</_7월>
</Row>
<Row>
<호선>6</호선>
<역번호>2631</역번호>
<역명>이태원</역명>
<계>6106665</계>
<일평균>29014</일평균>
<_1월>863213</_1월>
<_2월>780411</_2월>
<_3월>924989</_3월>
<_4월>865033</_4월>
<_5월>924135</_5월>
<_6월>893819</_6월>
<_7월>855065</_7월>
</Row>
<Row>
<호선>6</호선>
<역번호>2632</역번호>
<역명>한강진</역명>
<계>3107181</계>
<일평균>14710</일평균>
<_1월>444685</_1월>
<_2월>376110</_2월>
<_3월>464522</_3월>
<_4월>457918</_4월>
<_5월>473950</_5월>
<_6월>445403</_6월>
<_7월>444593</_7월>
</Row>
<Row>
<호선>6</호선>
<역번호>2633</역번호>
<역명>버티고개</역명>
<계>833944</계>
<일평균>3943</일평균>
<_1월>117879</_1월>
<_2월>100367</_2월>
<_3월>124871</_3월>
<_4월>125984</_4월>
<_5월>128124</_5월>
<_6월>116327</_6월>
<_7월>120392</_7월>
</Row>
<Row>
<호선>6</호선>
<역번호>2634</역번호>
<역명>약수(6)</역명>
<계>1262966</계>
<일평균>5951</일평균>
<_1월>183891</_1월>
<_2월>152789</_2월>
<_3월>185829</_3월>
<_4월>188942</_4월>
<_5월>191719</_5월>
<_6월>174050</_6월>
<_7월>185746</_7월>
</Row>
<Row>
<호선>6</호선>
<역번호>2635</역번호>
<역명>청구(6)</역명>
<계>1176771</계>
<일평균>5533</일평균>
<_1월>167247</_1월>
<_2월>141615</_2월>
<_3월>173234</_3월>
<_4월>175827</_4월>
<_5월>178972</_5월>
<_6월>164497</_6월>
<_7월>175379</_7월>
</Row>
<Row>
<호선>6</호선>
<역번호>2636</역번호>
<역명>신당(6)</역명>
<계>2790221</계>
<일평균>13231</일평균>
<_1월>399810</_1월>
<_2월>326824</_2월>
<_3월>425250</_3월>
<_4월>422061</_4월>
<_5월>426475</_5월>
<_6월>394529</_6월>
<_7월>395272</_7월>
</Row>
<Row>
<호선>6</호선>
<역번호>2637</역번호>
<역명>동묘앞(6)</역명>
<계>3303719</계>
<일평균>15757</일평균>
<_1월>459679</_1월>
<_2월>422976</_2월>
<_3월>505334</_3월>
<_4월>490431</_4월>
<_5월>512503</_5월>
<_6월>461126</_6월>
<_7월>451670</_7월>
</Row>
<Row>
<호선>6</호선>
<역번호>2638</역번호>
<역명>창신</역명>
<계>1225136</계>
<일평균>5807</일평균>
<_1월>167142</_1월>
<_2월>141564</_2월>
<_3월>187146</_3월>
<_4월>191453</_4월>
<_5월>191710</_5월>
<_6월>172008</_6월>
<_7월>174113</_7월>
</Row>
<Row>
<호선>6</호선>
<역번호>2639</역번호>
<역명>보문</역명>
<계>2460228</계>
<일평균>11601</일평균>
<_1월>345625</_1월>
<_2월>296803</_2월>
<_3월>366699</_3월>
<_4월>364580</_4월>
<_5월>380049</_5월>
<_6월>346168</_6월>
<_7월>360304</_7월>
</Row>
<Row>
<호선>6</호선>
<역번호>2640</역번호>
<역명>안암</역명>
<계>4955892</계>
<일평균>23766</일평균>
<_1월>603238</_1월>
<_2월>519256</_2월>
<_3월>842299</_3월>
<_4월>789143</_4월>
<_5월>856025</_5월>
<_6월>691798</_6월>
<_7월>654133</_7월>
</Row>
<Row>
<호선>6</호선>
<역번호>2641</역번호>
<역명>고려대</역명>
<계>3365179</계>
<일평균>16058</일평균>
<_1월>438927</_1월>
<_2월>374279</_2월>
<_3월>523829</_3월>
<_4월>532696</_4월>
<_5월>560553</_5월>
<_6월>476307</_6월>
<_7월>458588</_7월>
</Row>
<Row>
<호선>6</호선>
<역번호>2642</역번호>
<역명>월곡</역명>
<계>4472169</계>
<일평균>21310</일평균>
<_1월>623178</_1월>
<_2월>523706</_2월>
<_3월>694637</_3월>
<_4월>694369</_4월>
<_5월>705013</_5월>
<_6월>616184</_6월>
<_7월>615082</_7월>
</Row>
<Row>
<호선>6</호선>
<역번호>2643</역번호>
<역명>상월곡</역명>
<계>2295023</계>
<일평균>10893</일평균>
<_1월>307707</_1월>
<_2월>265401</_2월>
<_3월>347438</_3월>
<_4월>353842</_4월>
<_5월>368832</_5월>
<_6월>328347</_6월>
<_7월>323456</_7월>
</Row>
<Row>
<호선>6</호선>
<역번호>2644</역번호>
<역명>돌곶이</역명>
<계>2937186</계>
<일평균>13844</일평균>
<_1월>409017</_1월>
<_2월>345025</_2월>
<_3월>435996</_3월>
<_4월>444788</_4월>
<_5월>457375</_5월>
<_6월>413508</_6월>
<_7월>431477</_7월>
</Row>
<Row>
<호선>6</호선>
<역번호>2645</역번호>
<역명>석계(6)</역명>
<계>4769607</계>
<일평균>22576</일평균>
<_1월>665678</_1월>
<_2월>572656</_2월>
<_3월>715987</_3월>
<_4월>721117</_4월>
<_5월>741111</_5월>
<_6월>669707</_6월>
<_7월>683351</_7월>
</Row>
<Row>
<호선>6</호선>
<역번호>2646</역번호>
<역명>태릉입구(6)</역명>
<계>1958746</계>
<일평균>9311</일평균>
<_1월>262536</_1월>
<_2월>223199</_2월>
<_3월>288600</_3월>
<_4월>291064</_4월>
<_5월>344018</_5월>
<_6월>275911</_6월>
<_7월>273418</_7월>
</Row>
<Row>
<호선>6</호선>
<역번호>2647</역번호>
<역명>화랑대</역명>
<계>4230586</계>
<일평균>20057</일평균>
<_1월>571769</_1월>
<_2월>484687</_2월>
<_3월>643811</_3월>
<_4월>652604</_4월>
<_5월>683087</_5월>
<_6월>594353</_6월>
<_7월>600275</_7월>
</Row>
<Row>
<호선>6</호선>
<역번호>2648</역번호>
<역명>봉화산</역명>
<계>3505543</계>
<일평균>16530</일평균>
<_1월>503195</_1월>
<_2월>425508</_2월>
<_3월>515181</_3월>
<_4월>523483</_4월>
<_5월>534155</_5월>
<_6월>490386</_6월>
<_7월>513635</_7월>
</Row>
<Row>
<호선>7</호선>
<역번호>2711</역번호>
<역명>장암</역명>
<계>622418</계>
<일평균>2905</일평균>
<_1월>82525</_1월>
<_2월>70066</_2월>
<_3월>88058</_3월>
<_4월>92774</_4월>
<_5월>99419</_5월>
<_6월>92916</_6월>
<_7월>96660</_7월>
</Row>
<Row>
<호선>7</호선>
<역번호>2712</역번호>
<역명>도봉산(7)</역명>
<계>3168933</계>
<일평균>15027</일평균>
<_1월>417729</_1월>
<_2월>358830</_2월>
<_3월>466920</_3월>
<_4월>494608</_4월>
<_5월>518431</_5월>
<_6월>463338</_6월>
<_7월>449077</_7월>
</Row>
<Row>
<호선>7</호선>
<역번호>2713</역번호>
<역명>수락산</역명>
<계>4504764</계>
<일평균>21284</일평균>
<_1월>633228</_1월>
<_2월>548053</_2월>
<_3월>672196</_3월>
<_4월>666485</_4월>
<_5월>690160</_5월>
<_6월>642289</_6월>
<_7월>652353</_7월>
</Row>
<Row>
<호선>7</호선>
<역번호>2714</역번호>
<역명>마들</역명>
<계>3958681</계>
<일평균>18680</일평균>
<_1월>562512</_1월>
<_2월>483350</_2월>
<_3월>580663</_3월>
<_4월>593499</_4월>
<_5월>607770</_5월>
<_6월>553116</_6월>
<_7월>577771</_7월>
</Row>
<Row>
<호선>7</호선>
<역번호>2715</역번호>
<역명>노원(7)</역명>
<계>6408479</계>
<일평균>30190</일평균>
<_1월>929421</_1월>
<_2월>806319</_2월>
<_3월>938709</_3월>
<_4월>925038</_4월>
<_5월>974192</_5월>
<_6월>890641</_6월>
<_7월>944159</_7월>
</Row>
<Row>
<호선>7</호선>
<역번호>2716</역번호>
<역명>중계</역명>
<계>5180048</계>
<일평균>24430</일평균>
<_1월>723513</_1월>
<_2월>614433</_2월>
<_3월>761137</_3월>
<_4월>789005</_4월>
<_5월>807201</_5월>
<_6월>726452</_6월>
<_7월>758307</_7월>
</Row>
<Row>
<호선>7</호선>
<역번호>2717</역번호>
<역명>하계</역명>
<계>6349700</계>
<일평균>30032</일평균>
<_1월>891744</_1월>
<_2월>764602</_2월>
<_3월>948100</_3월>
<_4월>961784</_4월>
<_5월>987083</_5월>
<_6월>882459</_6월>
<_7월>913928</_7월>
</Row>
<Row>
<호선>7</호선>
<역번호>2718</역번호>
<역명>공릉</역명>
<계>4310338</계>
<일평균>20441</일평균>
<_1월>578465</_1월>
<_2월>502493</_2월>
<_3월>669282</_3월>
<_4월>658205</_4월>
<_5월>692132</_5월>
<_6월>599361</_6월>
<_7월>610400</_7월>
</Row>
<Row>
<호선>7</호선>
<역번호>2719</역번호>
<역명>태릉입구(7)</역명>
<계>2738722</계>
<일평균>13081</일평균>
<_1월>348675</_1월>
<_2월>302155</_2월>
<_3월>414057</_3월>
<_4월>418476</_4월>
<_5월>494631</_5월>
<_6월>389792</_6월>
<_7월>370936</_7월>
</Row>
<Row>
<호선>7</호선>
<역번호>2720</역번호>
<역명>먹골</역명>
<계>3434437</계>
<일평균>16286</일평균>
<_1월>497737</_1월>
<_2월>425384</_2월>
<_3월>504745</_3월>
<_4월>507501</_4월>
<_5월>535625</_5월>
<_6월>476792</_6월>
<_7월>486653</_7월>
</Row>
<Row>
<호선>7</호선>
<역번호>2721</역번호>
<역명>중화</역명>
<계>3652449</계>
<일평균>17288</일평균>
<_1월>518902</_1월>
<_2월>444594</_2월>
<_3월>535042</_3월>
<_4월>543391</_4월>
<_5월>578815</_5월>
<_6월>508263</_6월>
<_7월>523442</_7월>
</Row>
<Row>
<호선>7</호선>
<역번호>2722</역번호>
<역명>상봉(7)</역명>
<계>5463865</계>
<일평균>25789</일평균>
<_1월>783220</_1월>
<_2월>679810</_2월>
<_3월>811331</_3월>
<_4월>801281</_4월>
<_5월>826066</_5월>
<_6월>766120</_6월>
<_7월>796037</_7월>
</Row>
<Row>
<호선>7</호선>
<역번호>2723</역번호>
<역명>면목</역명>
<계>5316596</계>
<일평균>25293</일평균>
<_1월>721499</_1월>
<_2월>625363</_2월>
<_3월>813065</_3월>
<_4월>829276</_4월>
<_5월>839910</_5월>
<_6월>748862</_6월>
<_7월>738621</_7월>
</Row>
<Row>
<호선>7</호선>
<역번호>2724</역번호>
<역명>사가정</역명>
<계>5241597</계>
<일평균>24800</일평균>
<_1월>741512</_1월>
<_2월>644271</_2월>
<_3월>780215</_3월>
<_4월>783416</_4월>
<_5월>805046</_5월>
<_6월>734325</_6월>
<_7월>752812</_7월>
</Row>
<Row>
<호선>7</호선>
<역번호>2725</역번호>
<역명>용마산</역명>
<계>2080557</계>
<일평균>9833</일평균>
<_1월>293812</_1월>
<_2월>252080</_2월>
<_3월>309193</_3월>
<_4월>311830</_4월>
<_5월>320853</_5월>
<_6월>291887</_6월>
<_7월>300902</_7월>
</Row>
<Row>
<호선>7</호선>
<역번호>2726</역번호>
<역명>중곡</역명>
<계>3372712</계>
<일평균>15889</일평균>
<_1월>477489</_1월>
<_2월>410499</_2월>
<_3월>498969</_3월>
<_4월>501439</_4월>
<_5월>512544</_5월>
<_6월>474886</_6월>
<_7월>496886</_7월>
</Row>
<Row>
<호선>7</호선>
<역번호>2727</역번호>
<역명>군자(7)</역명>
<계>4178836</계>
<일평균>19690</일평균>
<_1월>605257</_1월>
<_2월>512187</_2월>
<_3월>617086</_3월>
<_4월>619495</_4월>
<_5월>626958</_5월>
<_6월>582978</_6월>
<_7월>614875</_7월>
</Row>
<Row>
<호선>7</호선>
<역번호>2728</역번호>
<역명>어린이대공원</역명>
<계>5212248</계>
<일평균>25465</일평균>
<_1월>591228</_1월>
<_2월>518028</_2월>
<_3월>854070</_3월>
<_4월>929654</_4월>
<_5월>974131</_5월>
<_6월>742111</_6월>
<_7월>603026</_7월>
</Row>
<Row>
<호선>7</호선>
<역번호>2729</역번호>
<역명>건대입구(7)</역명>
<계>4804757</계>
<일평균>22814</일평균>
<_1월>672441</_1월>
<_2월>583884</_2월>
<_3월>744410</_3월>
<_4월>709969</_4월>
<_5월>745320</_5월>
<_6월>673327</_6월>
<_7월>675406</_7월>
</Row>
<Row>
<호선>7</호선>
<역번호>2730</역번호>
<역명>뚝섬유원지</역명>
<계>3047995</계>
<일평균>14425</일평균>
<_1월>326973</_1월>
<_2월>290573</_2월>
<_3월>374896</_3월>
<_4월>485026</_4월>
<_5월>657541</_5월>
<_6월>475848</_6월>
<_7월>437138</_7월>
</Row>
<Row>
<호선>7</호선>
<역번호>2731</역번호>
<역명>청담</역명>
<계>6087326</계>
<일평균>28668</일평균>
<_1월>892457</_1월>
<_2월>737189</_2월>
<_3월>891923</_3월>
<_4월>912772</_4월>
<_5월>917323</_5월>
<_6월>837366</_6월>
<_7월>898296</_7월>
</Row>
<Row>
<호선>7</호선>
<역번호>2732</역번호>
<역명>강남구청</역명>
<계>4445791</계>
<일평균>20922</일평균>
<_1월>653924</_1월>
<_2월>535413</_2월>
<_3월>652037</_3월>
<_4월>661072</_4월>
<_5월>668815</_5월>
<_6월>615562</_6월>
<_7월>658968</_7월>
</Row>
<Row>
<호선>7</호선>
<역번호>2733</역번호>
<역명>학동</역명>
<계>6663203</계>
<일평균>31291</일평균>
<_1월>1002206</_1월>
<_2월>801465</_2월>
<_3월>969183</_3월>
<_4월>992602</_4월>
<_5월>992865</_5월>
<_6월>905264</_6월>
<_7월>999618</_7월>
</Row>
<Row>
<호선>7</호선>
<역번호>2734</역번호>
<역명>논현</역명>
<계>5667136</계>
<일평균>26552</일평균>
<_1월>852280</_1월>
<_2월>689208</_2월>
<_3월>818204</_3월>
<_4월>831768</_4월>
<_5월>838797</_5월>
<_6월>775651</_6월>
<_7월>861228</_7월>
</Row>
<Row>
<호선>7</호선>
<역번호>2735</역번호>
<역명>반포</역명>
<계>1897155</계>
<일평균>8937</일평균>
<_1월>264018</_1월>
<_2월>227197</_2월>
<_3월>277583</_3월>
<_4월>281802</_4월>
<_5월>295477</_5월>
<_6월>271596</_6월>
<_7월>279482</_7월>
</Row>
<Row>
<호선>7</호선>
<역번호>2736</역번호>
<역명>고속터미널(7)</역명>
<계>5954798</계>
<일평균>28191</일평균>
<_1월>864811</_1월>
<_2월>789874</_2월>
<_3월>864844</_3월>
<_4월>856617</_4월>
<_5월>896133</_5월>
<_6월>830367</_6월>
<_7월>852152</_7월>
</Row>
<Row>
<호선>7</호선>
<역번호>2737</역번호>
<역명>내방</역명>
<계>4353655</계>
<일평균>20499</일평균>
<_1월>638410</_1월>
<_2월>523641</_2월>
<_3월>636474</_3월>
<_4월>652845</_4월>
<_5월>662022</_5월>
<_6월>596861</_6월>
<_7월>643402</_7월>
</Row>
<Row>
<호선>7</호선>
<역번호>2738</역번호>
<역명>이수(7)</역명>
<계>5255517</계>
<일평균>24704</일평균>
<_1월>763782</_1월>
<_2월>644404</_2월>
<_3월>771436</_3월>
<_4월>764411</_4월>
<_5월>786673</_5월>
<_6월>740661</_6월>
<_7월>784150</_7월>
</Row>
<Row>
<호선>7</호선>
<역번호>2739</역번호>
<역명>남성</역명>
<계>3721451</계>
<일평균>17592</일평균>
<_1월>528844</_1월>
<_2월>447875</_2월>
<_3월>558366</_3월>
<_4월>560516</_4월>
<_5월>569415</_5월>
<_6월>519175</_6월>
<_7월>537260</_7월>
</Row>
<Row>
<호선>7</호선>
<역번호>2740</역번호>
<역명>숭실대입구</역명>
<계>4772870</계>
<일평균>23103</일평균>
<_1월>594604</_1월>
<_2월>492501</_2월>
<_3월>804424</_3월>
<_4월>809486</_4월>
<_5월>816314</_5월>
<_6월>664226</_6월>
<_7월>591315</_7월>
</Row>
<Row>
<호선>7</호선>
<역번호>2741</역번호>
<역명>상도</역명>
<계>3552188</계>
<일평균>16868</일평균>
<_1월>460496</_1월>
<_2월>394415</_2월>
<_3월>555509</_3월>
<_4월>555277</_4월>
<_5월>577182</_5월>
<_6월>510296</_6월>
<_7월>499013</_7월>
</Row>
<Row>
<호선>7</호선>
<역번호>2742</역번호>
<역명>장승배기</역명>
<계>3298281</계>
<일평균>15562</일평균>
<_1월>478436</_1월>
<_2월>406397</_2월>
<_3월>487868</_3월>
<_4월>490597</_4월>
<_5월>495030</_5월>
<_6월>458415</_6월>
<_7월>481538</_7월>
</Row>
<Row>
<호선>7</호선>
<역번호>2743</역번호>
<역명>신대방삼거리</역명>
<계>5111632</계>
<일평균>24115</일평균>
<_1월>734085</_1월>
<_2월>620663</_2월>
<_3월>755873</_3월>
<_4월>766424</_4월>
<_5월>775450</_5월>
<_6월>712302</_6월>
<_7월>746835</_7월>
</Row>
<Row>
<호선>7</호선>
<역번호>2744</역번호>
<역명>보라매</역명>
<계>2942178</계>
<일평균>13867</일평균>
<_1월>411693</_1월>
<_2월>346212</_2월>
<_3월>432110</_3월>
<_4월>446655</_4월>
<_5월>458633</_5월>
<_6월>414592</_6월>
<_7월>432283</_7월>
</Row>
<Row>
<호선>7</호선>
<역번호>2745</역번호>
<역명>신풍</역명>
<계>3588751</계>
<일평균>16931</일평균>
<_1월>505424</_1월>
<_2월>431822</_2월>
<_3월>530620</_3월>
<_4월>535569</_4월>
<_5월>550431</_5월>
<_6월>510623</_6월>
<_7월>524262</_7월>
</Row>
<Row>
<호선>7</호선>
<역번호>2746</역번호>
<역명>대림(7)</역명>
<계>3153644</계>
<일평균>14971</일평균>
<_1월>451008</_1월>
<_2월>416134</_2월>
<_3월>479099</_3월>
<_4월>459272</_4월>
<_5월>471206</_5월>
<_6월>433124</_6월>
<_7월>443801</_7월>
</Row>
<Row>
<호선>7</호선>
<역번호>2747</역번호>
<역명>남구로</역명>
<계>5033183</계>
<일평균>23706</일평균>
<_1월>735942</_1월>
<_2월>619035</_2월>
<_3월>743252</_3월>
<_4월>749391</_4월>
<_5월>750371</_5월>
<_6월>692775</_6월>
<_7월>742417</_7월>
</Row>
<Row>
<호선>7</호선>
<역번호>2748</역번호>
<역명>가산디지털단지(7)</역명>
<계>13111538</계>
<일평균>61511</일평균>
<_1월>1982642</_1월>
<_2월>1616659</_2월>
<_3월>1892010</_3월>
<_4월>1951294</_4월>
<_5월>1941170</_5월>
<_6월>1749670</_6월>
<_7월>1978093</_7월>
</Row>
<Row>
<호선>7</호선>
<역번호>2749</역번호>
<역명>철산</역명>
<계>8050973</계>
<일평균>38031</일평균>
<_1월>1146777</_1월>
<_2월>985074</_2월>
<_3월>1192636</_3월>
<_4월>1201731</_4월>
<_5월>1237398</_5월>
<_6월>1119907</_6월>
<_7월>1167450</_7월>
</Row>
<Row>
<호선>7</호선>
<역번호>2750</역번호>
<역명>광명사거리</역명>
<계>8445555</계>
<일평균>40000</일평균>
<_1월>1216429</_1월>
<_2월>1054698</_2월>
<_3월>1256818</_3월>
<_4월>1257930</_4월>
<_5월>1280186</_5월>
<_6월>1173991</_6월>
<_7월>1205503</_7월>
</Row>
<Row>
<호선>7</호선>
<역번호>2751</역번호>
<역명>천왕</역명>
<계>2835594</계>
<일평균>13275</일평균>
<_1월>386926</_1월>
<_2월>332245</_2월>
<_3월>408457</_3월>
<_4월>425295</_4월>
<_5월>441702</_5월>
<_6월>408130</_6월>
<_7월>432839</_7월>
</Row>
<Row>
<호선>7</호선>
<역번호>2752</역번호>
<역명>온수(7)</역명>
<계>2915454</계>
<일평균>13819</일평균>
<_1월>387727</_1월>
<_2월>330429</_2월>
<_3월>446584</_3월>
<_4월>462719</_4월>
<_5월>461323</_5월>
<_6월>412459</_6월>
<_7월>414213</_7월>
</Row>
<Row>
<호선>7</호선>
<역번호>2753</역번호>
<역명>까치울</역명>
<계>2228006</계>
<일평균>10524</일평균>
<_1월>298903</_1월>
<_2월>257672</_2월>
<_3월>323652</_3월>
<_4월>345561</_4월>
<_5월>355184</_5월>
<_6월>323851</_6월>
<_7월>323183</_7월>
</Row>
<Row>
<호선>7</호선>
<역번호>2754</역번호>
<역명>부천종합운동장</역명>
<계>1511376</계>
<일평균>7213</일평균>
<_1월>198833</_1월>
<_2월>171258</_2월>
<_3월>215802</_3월>
<_4월>288474</_4월>
<_5월>227653</_5월>
<_6월>203446</_6월>
<_7월>205910</_7월>
</Row>
<Row>
<호선>7</호선>
<역번호>2755</역번호>
<역명>춘의</역명>
<계>2752228</계>
<일평균>12974</일평균>
<_1월>397925</_1월>
<_2월>336112</_2월>
<_3월>396747</_3월>
<_4월>416377</_4월>
<_5월>415959</_5월>
<_6월>385217</_6월>
<_7월>403891</_7월>
</Row>
<Row>
<호선>7</호선>
<역번호>2756</역번호>
<역명>신중동</역명>
<계>4714534</계>
<일평균>22250</일평균>
<_1월>679472</_1월>
<_2월>580717</_2월>
<_3월>691564</_3월>
<_4월>701353</_4월>
<_5월>719227</_5월>
<_6월>654967</_6월>
<_7월>687234</_7월>
</Row>
<Row>
<호선>7</호선>
<역번호>2757</역번호>
<역명>부천시청</역명>
<계>4076191</계>
<일평균>19149</일평균>
<_1월>581110</_1월>
<_2월>506383</_2월>
<_3월>594271</_3월>
<_4월>591104</_4월>
<_5월>617198</_5월>
<_6월>575903</_6월>
<_7월>610222</_7월>
</Row>
<Row>
<호선>7</호선>
<역번호>2758</역번호>
<역명>상동</역명>
<계>4661043</계>
<일평균>22038</일평균>
<_1월>672000</_1월>
<_2월>580286</_2월>
<_3월>694435</_3월>
<_4월>691048</_4월>
<_5월>703797</_5월>
<_6월>647320</_6월>
<_7월>672157</_7월>
</Row>
<Row>
<호선>7</호선>
<역번호>2759</역번호>
<역명>삼산체육관</역명>
<계>1696385</계>
<일평균>7959</일평균>
<_1월>232432</_1월>
<_2월>197792</_2월>
<_3월>241531</_3월>
<_4월>267505</_4월>
<_5월>262271</_5월>
<_6월>238935</_6월>
<_7월>255919</_7월>
</Row>
<Row>
<호선>7</호선>
<역번호>2760</역번호>
<역명>굴포천</역명>
<계>2928149</계>
<일평균>13824</일평균>
<_1월>420859</_1월>
<_2월>361338</_2월>
<_3월>430646</_3월>
<_4월>433081</_4월>
<_5월>444322</_5월>
<_6월>411882</_6월>
<_7월>426021</_7월>
</Row>
<Row>
<호선>7</호선>
<역번호>2761</역번호>
<역명>부평구청(7)</역명>
<계>3144090</계>
<일평균>14818</일평균>
<_1월>447358</_1월>
<_2월>378920</_2월>
<_3월>462843</_3월>
<_4월>473553</_4월>
<_5월>480027</_5월>
<_6월>439217</_6월>
<_7월>462172</_7월>
</Row>
<Row>
<호선>8</호선>
<역번호>2811</역번호>
<역명>암사</역명>
<계>6377235</계>
<일평균>30071</일평균>
<_1월>923675</_1월>
<_2월>782107</_2월>
<_3월>938744</_3월>
<_4월>949796</_4월>
<_5월>961677</_5월>
<_6월>886748</_6월>
<_7월>934488</_7월>
</Row>
<Row>
<호선>8</호선>
<역번호>2812</역번호>
<역명>천호(8)</역명>
<계>6161900</계>
<일평균>29133</일평균>
<_1월>901291</_1월>
<_2월>768268</_2월>
<_3월>915708</_3월>
<_4월>909616</_4월>
<_5월>927308</_5월>
<_6월>850906</_6월>
<_7월>888803</_7월>
</Row>
<Row>
<호선>8</호선>
<역번호>2813</역번호>
<역명>강동구청</역명>
<계>3749766</계>
<일평균>17637</일평균>
<_1월>555318</_1월>
<_2월>458848</_2월>
<_3월>547088</_3월>
<_4월>551828</_4월>
<_5월>561638</_5월>
<_6월>517594</_6월>
<_7월>557452</_7월>
</Row>
<Row>
<호선>8</호선>
<역번호>2814</역번호>
<역명>몽촌토성</역명>
<계>2248909</계>
<일평균>10781</일평균>
<_1월>322509</_1월>
<_2월>265104</_2월>
<_3월>328971</_3월>
<_4월>337691</_4월>
<_5월>393671</_5월>
<_6월>303362</_6월>
<_7월>297601</_7월>
</Row>
<Row>
<호선>8</호선>
<역번호>2815</역번호>
<역명>잠실(8)</역명>
<계>5051263</계>
<일평균>23787</일평균>
<_1월>722359</_1월>
<_2월>642578</_2월>
<_3월>728561</_3월>
<_4월>773302</_4월>
<_5월>750222</_5월>
<_6월>688378</_6월>
<_7월>745863</_7월>
</Row>
<Row>
<호선>8</호선>
<역번호>2816</역번호>
<역명>석촌(8)</역명>
<계>3009155</계>
<일평균>14252</일평균>
<_1월>441920</_1월>
<_2월>370442</_2월>
<_3월>438782</_3월>
<_4월>466666</_4월>
<_5월>455294</_5월>
<_6월>406564</_6월>
<_7월>429487</_7월>
</Row>
<Row>
<호선>8</호선>
<역번호>2817</역번호>
<역명>송파</역명>
<계>3050333</계>
<일평균>14064</일평균>
<_1월>304650</_1월>
<_2월>304430</_2월>
<_3월>447593</_3월>
<_4월>491331</_4월>
<_5월>518364</_5월>
<_6월>479052</_6월>
<_7월>504913</_7월>
</Row>
<Row>
<호선>8</호선>
<역번호>2818</역번호>
<역명>가락시장(8)</역명>
<계>2667981</계>
<일평균>12634</일평균>
<_1월>406405</_1월>
<_2월>330588</_2월>
<_3월>396535</_3월>
<_4월>397272</_4월>
<_5월>392890</_5월>
<_6월>363028</_6월>
<_7월>381263</_7월>
</Row>
<Row>
<호선>8</호선>
<역번호>2819</역번호>
<역명>문정</역명>
<계>6890224</계>
<일평균>32264</일평균>
<_1월>1019832</_1월>
<_2월>822231</_2월>
<_3월>992028</_3월>
<_4월>1036918</_4월>
<_5월>1026928</_5월>
<_6월>941994</_6월>
<_7월>1050293</_7월>
</Row>
<Row>
<호선>8</호선>
<역번호>2820</역번호>
<역명>장지</역명>
<계>6639430</계>
<일평균>31296</일평균>
<_1월>952091</_1월>
<_2월>813114</_2월>
<_3월>983913</_3월>
<_4월>976287</_4월>
<_5월>1008165</_5월>
<_6월>931070</_6월>
<_7월>974790</_7월>
</Row>
<Row>
<호선>8</호선>
<역번호>2821</역번호>
<역명>복정(8)</역명>
<계>4109216</계>
<일평균>19547</일평균>
<_1월>565608</_1월>
<_2월>471408</_2월>
<_3월>632330</_3월>
<_4월>644389</_4월>
<_5월>643074</_5월>
<_6월>581130</_6월>
<_7월>571277</_7월>
</Row>
<Row>
<호선>8</호선>
<역번호>2822</역번호>
<역명>산성</역명>
<계>1965824</계>
<일평균>9309</일평균>
<_1월>265684</_1월>
<_2월>227352</_2월>
<_3월>295020</_3월>
<_4월>300879</_4월>
<_5월>309484</_5월>
<_6월>286664</_6월>
<_7월>280741</_7월>
</Row>
<Row>
<호선>8</호선>
<역번호>2823</역번호>
<역명>남한산성입구</역명>
<계>4847099</계>
<일평균>23103</일평균>
<_1월>651624</_1월>
<_2월>553659</_2월>
<_3월>748685</_3월>
<_4월>765055</_4월>
<_5월>782507</_5월>
<_6월>680186</_6월>
<_7월>665383</_7월>
</Row>
<Row>
<호선>8</호선>
<역번호>2824</역번호>
<역명>단대오거리</역명>
<계>3800766</계>
<일평균>18069</일평균>
<_1월>532149</_1월>
<_2월>455072</_2월>
<_3월>576482</_3월>
<_4월>580736</_4월>
<_5월>600644</_5월>
<_6월>525274</_6월>
<_7월>530409</_7월>
</Row>
<Row>
<호선>8</호선>
<역번호>2825</역번호>
<역명>신흥</역명>
<계>1658108</계>
<일평균>7783</일평균>
<_1월>234845</_1월>
<_2월>204293</_2월>
<_3월>240575</_3월>
<_4월>239798</_4월>
<_5월>253310</_5월>
<_6월>235885</_6월>
<_7월>249402</_7월>
</Row>
<Row>
<호선>8</호선>
<역번호>2826</역번호>
<역명>수진</역명>
<계>1820126</계>
<일평균>8559</일평균>
<_1월>259903</_1월>
<_2월>222514</_2월>
<_3월>266366</_3월>
<_4월>263369</_4월>
<_5월>278387</_5월>
<_6월>258675</_6월>
<_7월>270912</_7월>
</Row>
<Row>
<호선>8</호선>
<역번호>2827</역번호>
<역명>모란(8)</역명>
<계>1209793</계>
<일평균>5730</일평균>
<_1월>171368</_1월>
<_2월>142992</_2월>
<_3월>180290</_3월>
<_4월>181750</_4월>
<_5월>189937</_5월>
<_6월>170801</_6월>
<_7월>172655</_7월>
</Row>
<Row>
<호선>9</호선>
<역번호>4126</역번호>
<역명>언주</역명>
<계>3389049</계>
<일평균>15812</일평균>
<_1월>516154</_1월>
<_2월>418088</_2월>
<_3월>483544</_3월>
<_4월>496126</_4월>
<_5월>487848</_5월>
<_6월>460179</_6월>
<_7월>527110</_7월>
</Row>
<Row>
<호선>9</호선>
<역번호>4127</역번호>
<역명>선정릉</역명>
<계>3305546</계>
<일평균>15453</일평균>
<_1월>478364</_1월>
<_2월>394680</_2월>
<_3월>475687</_3월>
<_4월>494263</_4월>
<_5월>497157</_5월>
<_6월>456711</_6월>
<_7월>508684</_7월>
</Row>
<Row>
<호선>9</호선>
<역번호>4128</역번호>
<역명>삼성중앙</역명>
<계>2206000</계>
<일평균>10306</일평균>
<_1월>325617</_1월>
<_2월>266023</_2월>
<_3월>318829</_3월>
<_4월>327679</_4월>
<_5월>326159</_5월>
<_6월>301006</_6월>
<_7월>340687</_7월>
</Row>
<Row>
<호선>9</호선>
<역번호>4129</역번호>
<역명>봉은사</역명>
<계>6811795</계>
<일평균>31482</일평균>
<_1월>929203</_1월>
<_2월>787912</_2월>
<_3월>968219</_3월>
<_4월>989673</_4월>
<_5월>1067369</_5월>
<_6월>955763</_6월>
<_7월>1113656</_7월>
</Row>
<Row>
<호선>9</호선>
<역번호>4130</역번호>
<역명>종합운동장(9)</역명>
<계>1758949</계>
<일평균>8262</일평균>
<_1월>247942</_1월>
<_2월>209812</_2월>
<_3월>263506</_3월>
<_4월>257892</_4월>
<_5월>271952</_5월>
<_6월>244430</_6월>
<_7월>263415</_7월>
</Row>
<Row>
<호선>9</호선>
<역번호>4131</역번호>
<역명>삼전</역명>
<계>1863617</계>
<일평균>8669</일평균>
<_1월>248215</_1월>
<_2월>220436</_2월>
<_3월>271872</_3월>
<_4월>272567</_4월>
<_5월>284914</_5월>
<_6월>271056</_6월>
<_7월>294557</_7월>
</Row>
<Row>
<호선>9</호선>
<역번호>4132</역번호>
<역명>석촌고분</역명>
<계>1683442</계>
<일평균>7812</일평균>
<_1월>219245</_1월>
<_2월>196401</_2월>
<_3월>242681</_3월>
<_4월>251267</_4월>
<_5월>259851</_5월>
<_6월>244481</_6월>
<_7월>269516</_7월>
</Row>
<Row>
<호선>9</호선>
<역번호>4133</역번호>
<역명>석촌(9)</역명>
<계>2088125</계>
<일평균>9647</일평균>
<_1월>248702</_1월>
<_2월>228231</_2월>
<_3월>289154</_3월>
<_4월>326108</_4월>
<_5월>337740</_5월>
<_6월>316170</_6월>
<_7월>342020</_7월>
</Row>
<Row>
<호선>9</호선>
<역번호>4134</역번호>
<역명>송파나루</역명>
<계>1324501</계>
<일평균>6146</일평균>
<_1월>172531</_1월>
<_2월>154426</_2월>
<_3월>189654</_3월>
<_4월>200834</_4월>
<_5월>204882</_5월>
<_6월>190174</_6월>
<_7월>212000</_7월>
</Row>
<Row>
<호선>9</호선>
<역번호>4135</역번호>
<역명>한성백제</역명>
<계>691398</계>
<일평균>3229</일평균>
<_1월>89927</_1월>
<_2월>77050</_2월>
<_3월>95084</_3월>
<_4월>100688</_4월>
<_5월>120700</_5월>
<_6월>101026</_6월>
<_7월>106923</_7월>
</Row>
<Row>
<호선>9</호선>
<역번호>4136</역번호>
<역명>올림픽공원(9)</역명>
<계>2674546</계>
<일평균>12209</일평균>
<_1월>306660</_1월>
<_2월>255489</_2월>
<_3월>367268</_3월>
<_4월>378991</_4월>
<_5월>448814</_5월>
<_6월>452593</_6월>
<_7월>464731</_7월>
</Row>
<Row>
<호선>9</호선>
<역번호>4137</역번호>
<역명>둔촌오륜</역명>
<계>307202</계>
<일평균>1429</일평균>
<_1월>36489</_1월>
<_2월>33254</_2월>
<_3월>46402</_3월>
<_4월>47914</_4월>
<_5월>48455</_5월>
<_6월>46293</_6월>
<_7월>48395</_7월>
</Row>
<Row>
<호선>9</호선>
<역번호>4138</역번호>
<역명>중앙보훈병원</역명>
<계>2473023</계>
<일평균>11423</일평균>
<_1월>322250</_1월>
<_2월>281153</_2월>
<_3월>344386</_3월>
<_4월>369543</_4월>
<_5월>386127</_5월>
<_6월>364045</_6월>
<_7월>405519</_7월>
</Row>
</root>
